"Omschrijving","Vakcode","Startweek (ISO)","Startdag","Startdatum","Starttijd","Einddag","Einddatum","Eindtijd","Duur","Type","Docent(en)","Locatie(s)","Faculteit","Grootte","Opmerking 1","Opmerking 2","Concept","Deze activiteit vindt op locatie plaats","Deze activiteit vindt online plaats"
"Object-Oriented and Functional Programming (HC)","XB_0019","36","ma","2022-09-05","11:00","ma","2022-09-05","12:45","1:45","Hoorcollege","Ploeg, A.J. van der","WN-Q105(208/52T)","Faculteit der Betawetenschappen","370","","Hybrid","Nee","Ja","Nee"
"Data Structures and Algorithms (HC)","X_400614","36","ma","2022-09-05","13:30","ma","2022-09-05","15:15","1:45","Hoorcollege","Massacci, F., Tuma, K.","MF-FG1(343/85T)","Faculteit der Betawetenschappen","500","","Hybrid","Nee","Ja","Nee"
"Object-Oriented and Functional Programming (PR)","XB_0019","36","di","2022-09-06","09:00","di","2022-09-06","10:45","1:45","Practicum","Ploeg, A.J. van der","MF-BK37 (28Comp), MF-BK43 (76Comp), MF-BK50 (34Comp/30DT)","Faculteit der Betawetenschappen","370","","","Nee","Ja","Nee"
"Data Structures and Algorithms (WC)","X_400614","36","wo","2022-09-07","11:00","wo","2022-09-07","12:45","1:45","Werkcollege","Massacci, F., Tuma, K.","WN-C659(40/20T), WN-M607 (50/25T), WN-M623(50/25T), WN-M639(50/25T)","Faculteit der Betawetenschappen","500","","","Nee","Ja","Nee"
"Object-Oriented and Functional Programming (HC)","XB_0019","36","do","2022-09-08","09:00","do","2022-09-08","10:45","1:45","Hoorcollege","Ploeg, A.J. van der","WN-KC159(168/42T)","Faculteit der Betawetenschappen","370","","Hybrid","Nee","Ja","Nee"
"Object-Oriented and Functional Programming (PR)","XB_0019","36","do","2022-09-08","11:00","do","2022-09-08","12:45","1:45","Practicum","Ploeg, A.J. van der","MF-BK37 (28Comp), MF-BK43 (76Comp), MF-BK50 (34Comp/30DT)","Faculteit der Betawetenschappen","370","","","Nee","Ja","Nee"
"Data Structures and Algorithms (HC)","X_400614","36","do","2022-09-08","13:30","do","2022-09-08","15:15","1:45","Hoorcollege","Massacci, F., Tuma, K.","HG-KC07(330/82T)","Faculteit der Betawetenschappen","500","","Hybrid","Nee","Ja","Nee"
"Object-Oriented and Functional Programming (HC)","XB_0019","37","ma","2022-09-12","11:00","ma","2022-09-12","12:45","1:45","Hoorcollege","Ploeg, A.J. van der","WN-Q105(208/52T)","Faculteit der Betawetenschappen","370","","Hybrid","Nee","Ja","Nee"
"Data Structures and Algorithms (HC)","X_400614","37","ma","2022-09-12","13:30","ma","2022-09-12","15:15","1:45","Hoorcollege","Massacci, F., Tuma, K.","MF-FG1(343/85T)","Faculteit der Betawetenschappen","500","","Hybrid","Nee","Ja","Nee"
"Object-Oriented and Functional Programming (PR)","XB_0019","37","di","2022-09-13","09:00","di","2022-09-13","10:45","1:45","Practicum","Ploeg, A.J. van der","MF-BK37 (28Comp), MF-BK43 (76Comp), MF-BK50 (34Comp/30DT)","Faculteit der Betawetenschappen","370","","","Nee","Ja","Nee"
"Data Structures and Algorithms (WC)","X_400614","37","wo","2022-09-14","11:00","wo","2022-09-14","12:45","1:45","Werkcollege","Massacci, F., Tuma, K.","WN-C659(40/20T), WN-M607 (50/25T), WN-M623(50/25T), WN-M639(50/25T)","Faculteit der Betawetenschappen","500","","","Nee","Ja","Nee"
"Object-Oriented and Functional Programming (HC)","XB_0019","37","do","2022-09-15","09:00","do","2022-09-15","10:45","1:45","Hoorcollege","Ploeg, A.J. van der","WN-KC159(168/42T)","Faculteit der Betawetenschappen","370","","Hybrid","Nee","Ja","Nee"
"Object-Oriented and Functional Programming (PR)","XB_0019","37","do","2022-09-15","11:00","do","2022-09-15","12:45","1:45","Practicum","Ploeg, A.J. van der","MF-BK37 (28Comp), MF-BK43 (76Comp), MF-BK50 (34Comp/30DT)","Faculteit der Betawetenschappen","370","","","Nee","Ja","Nee"
"Data Structures and Algorithms (HC)","X_400614","37","do","2022-09-15","13:30","do","2022-09-15","15:15","1:45","Hoorcollege","Massacci, F., Tuma, K.","HG-KC07(330/82T)","Faculteit der Betawetenschappen","500","","Hybrid","Nee","Ja","Nee"
"Object-Oriented and Functional Programming (HC)","XB_0019","38","ma","2022-09-19","11:00","ma","2022-09-19","12:45","1:45","Hoorcollege","Ploeg, A.J. van der","WN-Q105(208/52T)","Faculteit der Betawetenschappen","370","","Hybrid","Nee","Ja","Nee"
"Data Structures and Algorithms (HC)","X_400614","38","ma","2022-09-19","13:30","ma","2022-09-19","15:15","1:45","Hoorcollege","Massacci, F., Tuma, K.","MF-FG1(343/85T)","Faculteit der Betawetenschappen","500","","Hybrid","Nee","Ja","Nee"
"Object-Oriented and Functional Programming (PR)","XB_0019","38","di","2022-09-20","09:00","di","2022-09-20","10:45","1:45","Practicum","Ploeg, A.J. van der","MF-BK37 (28Comp), MF-BK43 (76Comp), MF-BK50 (34Comp/30DT)","Faculteit der Betawetenschappen","370","","","Nee","Ja","Nee"
"Data Structures and Algorithms (WC)","X_400614","38","wo","2022-09-21","11:00","wo","2022-09-21","12:45","1:45","Werkcollege","Massacci, F., Tuma, K.","WN-C659(40/20T), WN-M607 (50/25T), WN-M623(50/25T), WN-M639(50/25T)","Faculteit der Betawetenschappen","500","","","Nee","Ja","Nee"
"Object-Oriented and Functional Programming (HC)","XB_0019","38","do","2022-09-22","09:00","do","2022-09-22","10:45","1:45","Hoorcollege","Ploeg, A.J. van der","WN-KC159(168/42T)","Faculteit der Betawetenschappen","370","","Hybrid","Nee","Ja","Nee"
"Object-Oriented and Functional Programming (PR)","XB_0019","38","do","2022-09-22","11:00","do","2022-09-22","12:45","1:45","Practicum","Ploeg, A.J. van der","MF-BK37 (28Comp), MF-BK43 (76Comp), MF-BK50 (34Comp/30DT)","Faculteit der Betawetenschappen","370","","","Nee","Ja","Nee"
"Data Structures and Algorithms (HC)","X_400614","38","do","2022-09-22","13:30","do","2022-09-22","15:15","1:45","Hoorcollege","Massacci, F., Tuma, K.","HG-KC07(330/82T)","Faculteit der Betawetenschappen","500","","Hybrid","Nee","Ja","Nee"
"Object-Oriented and Functional Programming (HC)","XB_0019","39","ma","2022-09-26","11:00","ma","2022-09-26","12:45","1:45","Hoorcollege","Ploeg, A.J. van der","WN-Q105(208/52T)","Faculteit der Betawetenschappen","370","","Hybrid","Nee","Ja","Nee"
"Data Structures and Algorithms (HC)","X_400614","39","ma","2022-09-26","13:30","ma","2022-09-26","15:15","1:45","Hoorcollege","Massacci, F., Tuma, K.","MF-FG1(343/85T)","Faculteit der Betawetenschappen","500","","Hybrid","Nee","Ja","Nee"
"Object-Oriented and Functional Programming (PR)","XB_0019","39","di","2022-09-27","09:00","di","2022-09-27","10:45","1:45","Practicum","Ploeg, A.J. van der","MF-BK37 (28Comp), MF-BK43 (76Comp), MF-BK50 (34Comp/30DT)","Faculteit der Betawetenschappen","370","","","Nee","Ja","Nee"
"Data Structures and Algorithms (DDX)","X_400614","39","wo","2022-09-28","18:45","wo","2022-09-28","21:00","2:15","Deeltentamen digitaal","Massacci, F., Tuma, K.","(T) TenT blok 1 Blauw (102), (T) TenT blok 2 Rood (85), (T) TenT blok 3 Groen (96), (T) TenT blok 4 Lime (54), (T) TenT blok 5 Wit (45), (T) TenT blok 6 Oranje (48), (T) TenT blok 7 Geel (44), (T) TenT blok 8 Zwart (107)","Faculteit der Betawetenschappen","400","","","Nee","Ja","Nee"
"Object-Oriented and Functional Programming (HC)","XB_0019","39","do","2022-09-29","09:00","do","2022-09-29","10:45","1:45","Hoorcollege","Ploeg, A.J. van der","WN-KC159(168/42T)","Faculteit der Betawetenschappen","370","","Hybrid","Nee","Ja","Nee"
"Object-Oriented and Functional Programming (PR)","XB_0019","39","do","2022-09-29","11:00","do","2022-09-29","12:45","1:45","Practicum","Ploeg, A.J. van der","MF-BK37 (28Comp), MF-BK43 (76Comp), MF-BK50 (34Comp/30DT)","Faculteit der Betawetenschappen","370","","","Nee","Ja","Nee"
"Data Structures and Algorithms (HC)","X_400614","39","do","2022-09-29","13:30","do","2022-09-29","15:15","1:45","Hoorcollege","Massacci, F., Tuma, K.","HG-KC07(330/82T)","Faculteit der Betawetenschappen","500","","Hybrid","Nee","Ja","Nee"
"Object-Oriented and Functional Programming (HC)","XB_0019","40","ma","2022-10-03","11:00","ma","2022-10-03","12:45","1:45","Hoorcollege","Ploeg, A.J. van der","WN-Q105(208/52T)","Faculteit der Betawetenschappen","370","","Hybrid","Nee","Ja","Nee"
"Data Structures and Algorithms (HC)","X_400614","40","ma","2022-10-03","13:30","ma","2022-10-03","15:15","1:45","Hoorcollege","Massacci, F., Tuma, K.","MF-FG1(343/85T)","Faculteit der Betawetenschappen","500","","Hybrid","Nee","Ja","Nee"
"Object-Oriented and Functional Programming (PR)","XB_0019","40","di","2022-10-04","09:00","di","2022-10-04","10:45","1:45","Practicum","Ploeg, A.J. van der","MF-BK37 (28Comp), MF-BK43 (76Comp), MF-BK50 (34Comp/30DT)","Faculteit der Betawetenschappen","370","","","Nee","Ja","Nee"
"Data Structures and Algorithms (WC)","X_400614","40","wo","2022-10-05","11:00","wo","2022-10-05","12:45","1:45","Werkcollege","Massacci, F., Tuma, K.","WN-C659(40/20T), WN-M607 (50/25T), WN-M623(50/25T), WN-M639(50/25T)","Faculteit der Betawetenschappen","500","","","Nee","Ja","Nee"
"Object-Oriented and Functional Programming (HC)","XB_0019","40","do","2022-10-06","09:00","do","2022-10-06","10:45","1:45","Hoorcollege","Ploeg, A.J. van der","WN-KC159(168/42T)","Faculteit der Betawetenschappen","370","","Hybrid","Nee","Ja","Nee"
"Object-Oriented and Functional Programming (PR)","XB_0019","40","do","2022-10-06","11:00","do","2022-10-06","12:45","1:45","Practicum","Ploeg, A.J. van der","MF-BK37 (28Comp), MF-BK43 (76Comp), MF-BK50 (34Comp/30DT)","Faculteit der Betawetenschappen","370","","","Nee","Ja","Nee"
"Data Structures and Algorithms (HC)","X_400614","40","do","2022-10-06","13:30","do","2022-10-06","15:15","1:45","Hoorcollege","Massacci, F., Tuma, K.","HG-KC07(330/82T)","Faculteit der Betawetenschappen","500","","Hybrid","Nee","Ja","Nee"
"Object-Oriented and Functional Programming (HC)","XB_0019","41","ma","2022-10-10","11:00","ma","2022-10-10","12:45","1:45","Hoorcollege","Ploeg, A.J. van der","WN-Q105(208/52T)","Faculteit der Betawetenschappen","370","","Hybrid","Nee","Ja","Nee"
"Data Structures and Algorithms (HC)","X_400614","41","ma","2022-10-10","13:30","ma","2022-10-10","15:15","1:45","Hoorcollege","Massacci, F., Tuma, K.","MF-FG1(343/85T)","Faculteit der Betawetenschappen","500","","Hybrid","Nee","Ja","Nee"
"Object-Oriented and Functional Programming (PR)","XB_0019","41","di","2022-10-11","09:00","di","2022-10-11","10:45","1:45","Practicum","Ploeg, A.J. van der","MF-BK37 (28Comp), MF-BK43 (76Comp), MF-BK50 (34Comp/30DT)","Faculteit der Betawetenschappen","370","","","Nee","Ja","Nee"
"Data Structures and Algorithms (WC)","X_400614","41","wo","2022-10-12","11:00","wo","2022-10-12","12:45","1:45","Werkcollege","Massacci, F., Tuma, K.","WN-C659(40/20T), WN-M607 (50/25T), WN-M623(50/25T), WN-M639(50/25T)","Faculteit der Betawetenschappen","500","","","Nee","Ja","Nee"
"Object-Oriented and Functional Programming (HC)","XB_0019","41","do","2022-10-13","09:00","do","2022-10-13","10:45","1:45","Hoorcollege","Ploeg, A.J. van der","WN-KC159(168/42T)","Faculteit der Betawetenschappen","370","","Hybrid","Nee","Ja","Nee"
"Object-Oriented and Functional Programming (PR)","XB_0019","41","do","2022-10-13","11:00","do","2022-10-13","12:45","1:45","Practicum","Ploeg, A.J. van der","MF-BK37 (28Comp), MF-BK43 (76Comp), MF-BK50 (34Comp/30DT)","Faculteit der Betawetenschappen","370","","","Nee","Ja","Nee"
"Data Structures and Algorithms (HC)","X_400614","41","do","2022-10-13","13:30","do","2022-10-13","15:15","1:45","Hoorcollege","Massacci, F., Tuma, K.","HG-KC07(330/82T)","Faculteit der Betawetenschappen","500","","Hybrid","Nee","Ja","Nee"
"Object-Oriented and Functional Programming (HC)","XB_0019","42","ma","2022-10-17","11:00","ma","2022-10-17","12:45","1:45","Hoorcollege","Ploeg, A.J. van der","WN-Q105(208/52T)","Faculteit der Betawetenschappen","370","","Hybrid","Nee","Ja","Nee"
"Data Structures and Algorithms (HC)","X_400614","42","ma","2022-10-17","13:30","ma","2022-10-17","15:15","1:45","Hoorcollege","Massacci, F., Tuma, K.","MF-FG1(343/85T)","Faculteit der Betawetenschappen","500","","Hybrid","Nee","Ja","Nee"
"Object-Oriented and Functional Programming (PR)","XB_0019","42","di","2022-10-18","09:00","di","2022-10-18","10:45","1:45","Practicum","Ploeg, A.J. van der","MF-BK37 (28Comp), MF-BK43 (76Comp), MF-BK50 (34Comp/30DT)","Faculteit der Betawetenschappen","370","","","Nee","Ja","Nee"
"Data Structures and Algorithms (WC)","X_400614","42","wo","2022-10-19","11:00","wo","2022-10-19","12:45","1:45","Werkcollege","Massacci, F., Tuma, K.","WN-C659(40/20T), WN-M607 (50/25T), WN-M623(50/25T), WN-M639(50/25T)","Faculteit der Betawetenschappen","500","","","Nee","Ja","Nee"
"Object-Oriented and Functional Programming (HC)","XB_0019","42","do","2022-10-20","09:00","do","2022-10-20","10:45","1:45","Hoorcollege","Ploeg, A.J. van der","WN-KC159(168/42T)","Faculteit der Betawetenschappen","370","","Hybrid","Nee","Ja","Nee"
"Object-Oriented and Functional Programming (PR)","XB_0019","42","do","2022-10-20","11:00","do","2022-10-20","12:45","1:45","Practicum","Ploeg, A.J. van der","MF-BK37 (28Comp), MF-BK43 (76Comp), MF-BK50 (34Comp/30DT)","Faculteit der Betawetenschappen","370","","","Nee","Ja","Nee"
"Data Structures and Algorithms (HC)","X_400614","42","do","2022-10-20","13:30","do","2022-10-20","15:15","1:45","Hoorcollege","Massacci, F., Tuma, K.","HG-KC07(330/82T)","Faculteit der Betawetenschappen","500","","Hybrid","Nee","Ja","Nee"
"Data Structures and Algorithms (DT)","X_400614","43","di","2022-10-25","08:30","di","2022-10-25","11:15","2:45","Tentamen digitaal","Massacci, F., Tuma, K.","(T) TenT blok 3 Groen (96), (T) TenT blok 4 Lime (54), (T) TenT blok 5 Wit (45), (T) TenT blok 6 Oranje (48), (T) TenT blok 7 Geel (44), (T) TenT blok 8 Zwart (107)","Faculteit der Betawetenschappen","375","","","Nee","Ja","Nee"
"Object-Oriented and Functional Programming (DT)","XB_0019","43","do","2022-10-27","12:15","do","2022-10-27","14:30","2:15","Tentamen digitaal","Ploeg, A.J. van der","(T) TenT blok 1 Blauw (102), (T) TenT blok 2 Rood (85), (T) TenT blok 3 Groen (96), (T) TenT blok 4 Lime (54), (T) TenT blok 5 Wit (45)","Faculteit der Betawetenschappen","370","","","Nee","Ja","Nee"
"Operating Systems (HC)","X_405067","44","ma","2022-10-31","11:00","ma","2022-10-31","12:45","1:45","Hoorcollege","Bos, H.J., Giuffrida, C.","","Faculteit der Betawetenschappen","450","","Online","Nee","Nee","Nee"
"Operating Systems (PR)","X_405067","44","ma","2022-10-31","13:30","ma","2022-10-31","17:15","3:45","Practicum","Bos, H.J., Giuffrida, C.","NU-6B20 (26Comp/24DT), NU-6B37 (48Comp), NU-6B58 (40Comp/40DT)","Faculteit der Betawetenschappen","450","","","Nee","Ja","Nee"
"Operating Systems (PR)","X_405067","44","di","2022-11-01","09:00","di","2022-11-01","10:45","1:45","Practicum","","HG-15A16(39/19T), NU-3A65 (40/20T), NU-6B58 (40Comp/40DT)","Faculteit der Betawetenschappen","30","Group 1","","Nee","Ja","Nee"
"Operating Systems (HC)","X_405067","44","di","2022-11-01","11:00","di","2022-11-01","12:45","1:45","Hoorcollege","Bos, H.J., Giuffrida, C.","WN-KC137(304/76T)","Faculteit der Betawetenschappen","450","","Hybrid","Nee","Ja","Nee"
"Operating Systems (PR)","X_405067","44","di","2022-11-01","13:30","di","2022-11-01","15:15","1:45","Practicum","","HG-00B08 (42Comp)","Faculteit der Betawetenschappen","30","Group 2","","Nee","Ja","Nee"
"Statistical Methods (HC)","X_401020","44","di","2022-11-01","15:30","di","2022-11-01","17:15","1:45","Hoorcollege","Dobler, D.","WN-KC137(304/76T)","Faculteit der Betawetenschappen","390","","","Nee","Ja","Nee"
"Operating Systems (PR)","X_405067","44","di","2022-11-01","17:30","di","2022-11-01","19:15","1:45","Practicum","","NU-3A57 (54/27T), NU-3A65 (40/20T)","Faculteit der Betawetenschappen","30","Group 3","","Nee","Ja","Nee"
"Operating Systems (PR)","X_405067","44","wo","2022-11-02","09:00","wo","2022-11-02","10:45","1:45","Practicum","","OZW-6B03(40/20T), OZW-6B04(43/21T)","Faculteit der Betawetenschappen","30","Group 4","","Nee","Ja","Nee"
"Statistical Methods (PR)","X_401020","44","wo","2022-11-02","13:30","wo","2022-11-02","15:15","1:45","Practicum","","NU-5B21 (46Comp/46DT)","Faculteit der Betawetenschappen","56","Computer class","","Nee","Ja","Nee"
"Operating Systems (PR)","X_405067","44","wo","2022-11-02","15:30","wo","2022-11-02","19:15","3:45","Practicum","Bos, H.J., Giuffrida, C.","NU-5A91 (34Comp/34DT), NU-5B21 (46Comp/46DT), NU-6B15 (38Comp/38DT)","Faculteit der Betawetenschappen","450","","","Nee","Ja","Nee"
"Operating Systems (PR)","X_405067","44","do","2022-11-03","09:00","do","2022-11-03","10:45","1:45","Practicum","","NU-6B37 (48Comp)","Faculteit der Betawetenschappen","30","Group 5","","Nee","Ja","Nee"
"Operating Systems (HC)","X_405067","44","do","2022-11-03","11:00","do","2022-11-03","12:45","1:45","Hoorcollege","Bos, H.J., Giuffrida, C.","WN-KC137(304/76T)","Faculteit der Betawetenschappen","450","","Hybrid","Nee","Ja","Nee"
"Operating Systems (PR)","X_405067","44","do","2022-11-03","13:30","do","2022-11-03","15:15","1:45","Practicum","","HG-13A37 (24Comp), NU-5B51 Collaborative (20)","Faculteit der Betawetenschappen","30","Group 6","","Nee","Ja","Nee"
"Statistical Methods (HC)","X_401020","44","do","2022-11-03","15:30","do","2022-11-03","17:15","1:45","Hoorcollege","Dobler, D.","Theater1 NU-00C07(314/83T)","Faculteit der Betawetenschappen","390","","","Nee","Ja","Nee"
"Statistical Methods (PR)","X_401020","44","vr","2022-11-04","11:00","vr","2022-11-04","12:45","1:45","Practicum","","WN-C629(40/20T)","Faculteit der Betawetenschappen","56","Computer class","","Nee","Ja","Nee"
"Operating Systems (PR)","X_405067","44","vr","2022-11-04","15:30","vr","2022-11-04","17:15","1:45","Practicum","","NU-6B15 (38Comp/38DT), NU-6B58 (40Comp/40DT)","Faculteit der Betawetenschappen","30","Group 9","","Nee","Ja","Nee"
"Operating Systems (PR)","X_405067","45","ma","2022-11-07","13:30","ma","2022-11-07","17:15","3:45","Practicum","Bos, H.J., Giuffrida, C.","NU-6B20 (26Comp/24DT), NU-6B37 (48Comp), NU-6B58 (40Comp/40DT)","Faculteit der Betawetenschappen","450","","","Nee","Ja","Nee"
"Operating Systems (PR)","X_405067","45","di","2022-11-08","09:00","di","2022-11-08","10:45","1:45","Practicum","","HG-15A16(39/19T), NU-3A65 (40/20T), NU-6B58 (40Comp/40DT)","Faculteit der Betawetenschappen","30","Group 1","","Nee","Ja","Nee"
"Operating Systems (HC)","X_405067","45","di","2022-11-08","11:00","di","2022-11-08","12:45","1:45","Hoorcollege","Bos, H.J., Giuffrida, C.","WN-KC137(304/76T)","Faculteit der Betawetenschappen","450","","Hybrid","Nee","Ja","Nee"
"Operating Systems (PR)","X_405067","45","di","2022-11-08","13:30","di","2022-11-08","15:15","1:45","Practicum","","HG-00B08 (42Comp)","Faculteit der Betawetenschappen","30","Group 2","","Nee","Ja","Nee"
"Operating Systems (PR)","X_405067","45","di","2022-11-08","17:30","di","2022-11-08","19:15","1:45","Practicum","","NU-3A57 (54/27T), NU-3A65 (40/20T)","Faculteit der Betawetenschappen","30","Group 3","","Nee","Ja","Nee"
"Operating Systems (PR)","X_405067","45","wo","2022-11-09","09:00","wo","2022-11-09","10:45","1:45","Practicum","","OZW-6B03(40/20T), OZW-6B04(43/21T)","Faculteit der Betawetenschappen","30","Group 4","","Nee","Ja","Nee"
"Statistical Methods (PR)","X_401020","45","wo","2022-11-09","13:30","wo","2022-11-09","15:15","1:45","Practicum","","NU-5B21 (46Comp/46DT)","Faculteit der Betawetenschappen","56","Computer class","","Nee","Ja","Nee"
"Operating Systems (PR)","X_405067","45","wo","2022-11-09","15:30","wo","2022-11-09","19:15","3:45","Practicum","Bos, H.J., Giuffrida, C.","NU-5A91 (34Comp/34DT), NU-5B21 (46Comp/46DT), NU-6B15 (38Comp/38DT)","Faculteit der Betawetenschappen","450","","","Nee","Ja","Nee"
"Operating Systems (PR)","X_405067","45","do","2022-11-10","09:00","do","2022-11-10","10:45","1:45","Practicum","","NU-6B37 (48Comp)","Faculteit der Betawetenschappen","30","Group 5","","Nee","Ja","Nee"
"Operating Systems (HC)","X_405067","45","do","2022-11-10","11:00","do","2022-11-10","12:45","1:45","Hoorcollege","Bos, H.J., Giuffrida, C.","WN-KC137(304/76T)","Faculteit der Betawetenschappen","450","","Hybrid","Nee","Ja","Nee"
"Operating Systems (PR)","X_405067","45","do","2022-11-10","13:30","do","2022-11-10","15:15","1:45","Practicum","","HG-13A37 (24Comp), NU-5B51 Collaborative (20)","Faculteit der Betawetenschappen","30","Group 6","","Nee","Ja","Nee"
"Statistical Methods (HC)","X_401020","45","do","2022-11-10","15:30","do","2022-11-10","17:15","1:45","Hoorcollege","Dobler, D.","Theater1 NU-00C07(314/83T)","Faculteit der Betawetenschappen","390","","","Nee","Ja","Nee"
"Statistical Methods (WC)","X_401020","45","vr","2022-11-11","11:00","vr","2022-11-11","12:45","1:45","Werkcollege","","WN-C629(40/20T)","Faculteit der Betawetenschappen","56","Exercise class","","Nee","Ja","Nee"
"Operating Systems (PR)","X_405067","45","vr","2022-11-11","15:30","vr","2022-11-11","17:15","1:45","Practicum","","NU-6B15 (38Comp/38DT), NU-6B58 (40Comp/40DT)","Faculteit der Betawetenschappen","30","Group 9","","Nee","Ja","Nee"
"Operating Systems (PR)","X_405067","46","ma","2022-11-14","13:30","ma","2022-11-14","17:15","3:45","Practicum","Bos, H.J., Giuffrida, C.","NU-6B20 (26Comp/24DT), NU-6B37 (48Comp), NU-6B58 (40Comp/40DT)","Faculteit der Betawetenschappen","450","","","Nee","Ja","Nee"
"Operating Systems (PR)","X_405067","46","di","2022-11-15","09:00","di","2022-11-15","10:45","1:45","Practicum","","HG-15A16(39/19T), NU-3A65 (40/20T), NU-6B58 (40Comp/40DT)","Faculteit der Betawetenschappen","30","Group 1","","Nee","Ja","Nee"
"Operating Systems (HC)","X_405067","46","di","2022-11-15","11:00","di","2022-11-15","12:45","1:45","Hoorcollege","Bos, H.J., Giuffrida, C.","WN-KC137(304/76T)","Faculteit der Betawetenschappen","450","","Hybrid","Nee","Ja","Nee"
"Operating Systems (PR)","X_405067","46","di","2022-11-15","13:30","di","2022-11-15","15:15","1:45","Practicum","","HG-00B08 (42Comp)","Faculteit der Betawetenschappen","30","Group 2","","Nee","Ja","Nee"
"Statistical Methods (HC)","X_401020","46","di","2022-11-15","15:30","di","2022-11-15","17:15","1:45","Hoorcollege","Dobler, D.","WN-KC137(304/76T)","Faculteit der Betawetenschappen","390","","","Nee","Ja","Nee"
"Operating Systems (PR)","X_405067","46","di","2022-11-15","17:30","di","2022-11-15","19:15","1:45","Practicum","","NU-3A57 (54/27T), NU-3A65 (40/20T)","Faculteit der Betawetenschappen","30","Group 3","","Nee","Ja","Nee"
"Operating Systems (PR)","X_405067","46","wo","2022-11-16","09:00","wo","2022-11-16","10:45","1:45","Practicum","","OZW-6B03(40/20T), OZW-6B04(43/21T)","Faculteit der Betawetenschappen","30","Group 4","","Nee","Ja","Nee"
"Statistical Methods (PR)","X_401020","46","wo","2022-11-16","13:30","wo","2022-11-16","15:15","1:45","Practicum","","NU-5B21 (46Comp/46DT)","Faculteit der Betawetenschappen","56","Computer class","","Nee","Ja","Nee"
"Operating Systems (PR)","X_405067","46","wo","2022-11-16","15:30","wo","2022-11-16","19:15","3:45","Practicum","Bos, H.J., Giuffrida, C.","NU-5A91 (34Comp/34DT), NU-5B21 (46Comp/46DT), NU-6B15 (38Comp/38DT)","Faculteit der Betawetenschappen","450","","","Nee","Ja","Nee"
"Operating Systems (PR)","X_405067","46","do","2022-11-17","09:00","do","2022-11-17","10:45","1:45","Practicum","","NU-6B37 (48Comp)","Faculteit der Betawetenschappen","30","Group 5","","Nee","Ja","Nee"
"Operating Systems (HC)","X_405067","46","do","2022-11-17","11:00","do","2022-11-17","12:45","1:45","Hoorcollege","Bos, H.J., Giuffrida, C.","WN-KC137(304/76T)","Faculteit der Betawetenschappen","450","","Hybrid","Nee","Ja","Nee"
"Operating Systems (PR)","X_405067","46","do","2022-11-17","13:30","do","2022-11-17","15:15","1:45","Practicum","","HG-13A37 (24Comp), NU-5B51 Collaborative (20)","Faculteit der Betawetenschappen","30","Group 6","","Nee","Ja","Nee"
"Statistical Methods (HC)","X_401020","46","do","2022-11-17","15:30","do","2022-11-17","17:15","1:45","Hoorcollege","Dobler, D.","Theater1 NU-00C07(314/83T)","Faculteit der Betawetenschappen","390","","","Nee","Ja","Nee"
"Statistical Methods (WC)","X_401020","46","vr","2022-11-18","11:00","vr","2022-11-18","12:45","1:45","Werkcollege","","WN-C629(40/20T)","Faculteit der Betawetenschappen","56","Exercise class","","Nee","Ja","Nee"
"Operating Systems (PR)","X_405067","46","vr","2022-11-18","15:30","vr","2022-11-18","17:15","1:45","Practicum","","NU-6B15 (38Comp/38DT), NU-6B58 (40Comp/40DT)","Faculteit der Betawetenschappen","30","Group 9","","Nee","Ja","Nee"
"Operating Systems (PR)","X_405067","47","ma","2022-11-21","13:30","ma","2022-11-21","17:15","3:45","Practicum","Bos, H.J., Giuffrida, C.","NU-6B20 (26Comp/24DT), NU-6B37 (48Comp), NU-6B58 (40Comp/40DT)","Faculteit der Betawetenschappen","450","","","Nee","Ja","Nee"
"Statistical Methods (DX)","X_401020","47","ma","2022-11-21","18:45","ma","2022-11-21","20:30","1:45","Deeltentamen schriftelijk","Dobler, D.","(T) TenT blok 1 Blauw (102), (T) TenT blok 2 Rood (85), (T) TenT blok 3 Groen (96), (T) TenT blok 4 Lime (54), (T) TenT blok 5 Wit (45)","Faculteit der Betawetenschappen","390","","","Nee","Ja","Nee"
"Operating Systems (PR)","X_405067","47","di","2022-11-22","09:00","di","2022-11-22","10:45","1:45","Practicum","","HG-15A16(39/19T), NU-3A65 (40/20T), NU-6B58 (40Comp/40DT)","Faculteit der Betawetenschappen","30","Group 1","","Nee","Ja","Nee"
"Operating Systems (HC)","X_405067","47","di","2022-11-22","11:00","di","2022-11-22","12:45","1:45","Hoorcollege","Bos, H.J., Giuffrida, C.","WN-KC137(304/76T)","Faculteit der Betawetenschappen","450","","Hybrid","Nee","Ja","Nee"
"Operating Systems (PR)","X_405067","47","di","2022-11-22","13:30","di","2022-11-22","15:15","1:45","Practicum","","HG-00B08 (42Comp)","Faculteit der Betawetenschappen","30","Group 2","","Nee","Ja","Nee"
"Operating Systems (PR)","X_405067","47","di","2022-11-22","17:30","di","2022-11-22","19:15","1:45","Practicum","","NU-3A57 (54/27T), NU-3A65 (40/20T)","Faculteit der Betawetenschappen","30","Group 3","","Nee","Ja","Nee"
"Operating Systems (PR)","X_405067","47","wo","2022-11-23","09:00","wo","2022-11-23","10:45","1:45","Practicum","","OZW-6B03(40/20T), OZW-6B04(43/21T)","Faculteit der Betawetenschappen","30","Group 4","","Nee","Ja","Nee"
"Operating Systems (PR)","X_405067","47","wo","2022-11-23","15:30","wo","2022-11-23","19:15","3:45","Practicum","Bos, H.J., Giuffrida, C.","NU-5A91 (34Comp/34DT), NU-5B21 (46Comp/46DT), NU-6B15 (38Comp/38DT)","Faculteit der Betawetenschappen","450","","","Nee","Ja","Nee"
"Operating Systems (PR)","X_405067","47","do","2022-11-24","09:00","do","2022-11-24","10:45","1:45","Practicum","","NU-6B37 (48Comp)","Faculteit der Betawetenschappen","30","Group 5","","Nee","Ja","Nee"
"Operating Systems (HC)","X_405067","47","do","2022-11-24","11:00","do","2022-11-24","12:45","1:45","Hoorcollege","Bos, H.J., Giuffrida, C.","WN-KC137(304/76T)","Faculteit der Betawetenschappen","450","","Hybrid","Nee","Ja","Nee"
"Operating Systems (PR)","X_405067","47","do","2022-11-24","13:30","do","2022-11-24","15:15","1:45","Practicum","","HG-13A37 (24Comp), NU-5B51 Collaborative (20)","Faculteit der Betawetenschappen","30","Group 6","","Nee","Ja","Nee"
"Statistical Methods (HC)","X_401020","47","do","2022-11-24","15:30","do","2022-11-24","17:15","1:45","Hoorcollege","Dobler, D.","Theater1 NU-00C07(314/83T)","Faculteit der Betawetenschappen","390","","","Nee","Ja","Nee"
"Operating Systems (PR)","X_405067","47","vr","2022-11-25","15:30","vr","2022-11-25","17:15","1:45","Practicum","","NU-6B15 (38Comp/38DT), NU-6B58 (40Comp/40DT)","Faculteit der Betawetenschappen","30","Group 9","","Nee","Ja","Nee"
"Operating Systems (PR)","X_405067","48","ma","2022-11-28","13:30","ma","2022-11-28","17:15","3:45","Practicum","Bos, H.J., Giuffrida, C.","NU-6B20 (26Comp/24DT), NU-6B37 (48Comp), NU-6B58 (40Comp/40DT)","Faculteit der Betawetenschappen","450","","","Nee","Ja","Nee"
"Operating Systems (PR)","X_405067","48","di","2022-11-29","09:00","di","2022-11-29","10:45","1:45","Practicum","","HG-15A16(39/19T), NU-3A65 (40/20T), NU-6B58 (40Comp/40DT)","Faculteit der Betawetenschappen","30","Group 1","","Nee","Ja","Nee"
"Operating Systems (HC)","X_405067","48","di","2022-11-29","11:00","di","2022-11-29","12:45","1:45","Hoorcollege","Bos, H.J., Giuffrida, C.","WN-KC137(304/76T)","Faculteit der Betawetenschappen","450","","Hybrid","Nee","Ja","Nee"
"Operating Systems (PR)","X_405067","48","di","2022-11-29","13:30","di","2022-11-29","15:15","1:45","Practicum","","HG-00B08 (42Comp)","Faculteit der Betawetenschappen","30","Group 2","","Nee","Ja","Nee"
"Statistical Methods (HC)","X_401020","48","di","2022-11-29","15:30","di","2022-11-29","17:15","1:45","Hoorcollege","Dobler, D.","WN-KC137(304/76T)","Faculteit der Betawetenschappen","390","","","Nee","Ja","Nee"
"Operating Systems (PR)","X_405067","48","di","2022-11-29","17:30","di","2022-11-29","19:15","1:45","Practicum","","NU-3A57 (54/27T), NU-3A65 (40/20T)","Faculteit der Betawetenschappen","30","Group 3","","Nee","Ja","Nee"
"Operating Systems (PR)","X_405067","48","wo","2022-11-30","09:00","wo","2022-11-30","10:45","1:45","Practicum","","OZW-6B03(40/20T), OZW-6B04(43/21T)","Faculteit der Betawetenschappen","30","Group 4","","Nee","Ja","Nee"
"Statistical Methods (WC)","X_401020","48","wo","2022-11-30","13:30","wo","2022-11-30","15:15","1:45","Werkcollege","","NU-5B21 (46Comp/46DT)","Faculteit der Betawetenschappen","56","Exercise class","","Nee","Ja","Nee"
"Operating Systems (PR)","X_405067","48","wo","2022-11-30","15:30","wo","2022-11-30","19:15","3:45","Practicum","Bos, H.J., Giuffrida, C.","NU-5A91 (34Comp/34DT), NU-5B21 (46Comp/46DT), NU-6B15 (38Comp/38DT)","Faculteit der Betawetenschappen","450","","","Nee","Ja","Nee"
"Operating Systems (PR)","X_405067","48","do","2022-12-01","09:00","do","2022-12-01","10:45","1:45","Practicum","","NU-6B37 (48Comp)","Faculteit der Betawetenschappen","30","Group 5","","Nee","Ja","Nee"
"Operating Systems (HC)","X_405067","48","do","2022-12-01","11:00","do","2022-12-01","12:45","1:45","Hoorcollege","Bos, H.J., Giuffrida, C.","WN-KC137(304/76T)","Faculteit der Betawetenschappen","450","","Hybrid","Nee","Ja","Nee"
"Operating Systems (PR)","X_405067","48","do","2022-12-01","13:30","do","2022-12-01","15:15","1:45","Practicum","","HG-13A37 (24Comp), NU-5B51 Collaborative (20)","Faculteit der Betawetenschappen","30","Group 6","","Nee","Ja","Nee"
"Statistical Methods (HC)","X_401020","48","do","2022-12-01","15:30","do","2022-12-01","17:15","1:45","Hoorcollege","Dobler, D.","Theater1 NU-00C07(314/83T)","Faculteit der Betawetenschappen","390","","","Nee","Ja","Nee"
"Statistical Methods (WC)","X_401020","48","vr","2022-12-02","11:00","vr","2022-12-02","12:45","1:45","Werkcollege","","WN-C629(40/20T)","Faculteit der Betawetenschappen","56","Exercise class","","Nee","Ja","Nee"
"Operating Systems (PR)","X_405067","48","vr","2022-12-02","15:30","vr","2022-12-02","17:15","1:45","Practicum","","NU-6B15 (38Comp/38DT), NU-6B58 (40Comp/40DT)","Faculteit der Betawetenschappen","30","Group 9","","Nee","Ja","Nee"
"Operating Systems (PR)","X_405067","49","ma","2022-12-05","13:30","ma","2022-12-05","17:15","3:45","Practicum","Bos, H.J., Giuffrida, C.","NU-6B20 (26Comp/24DT), NU-6B37 (48Comp), NU-6B58 (40Comp/40DT)","Faculteit der Betawetenschappen","450","","","Nee","Ja","Nee"
"Operating Systems (PR)","X_405067","49","di","2022-12-06","09:00","di","2022-12-06","10:45","1:45","Practicum","","HG-15A16(39/19T), NU-3A65 (40/20T), NU-6B58 (40Comp/40DT)","Faculteit der Betawetenschappen","30","Group 1","","Nee","Ja","Nee"
"Operating Systems (HC)","X_405067","49","di","2022-12-06","11:00","di","2022-12-06","12:45","1:45","Hoorcollege","Bos, H.J., Giuffrida, C.","WN-KC137(304/76T)","Faculteit der Betawetenschappen","450","","Hybrid","Nee","Ja","Nee"
"Operating Systems (PR)","X_405067","49","di","2022-12-06","13:30","di","2022-12-06","15:15","1:45","Practicum","","HG-00B08 (42Comp)","Faculteit der Betawetenschappen","30","Group 2","","Nee","Ja","Nee"
"Statistical Methods (HC)","X_401020","49","di","2022-12-06","15:30","di","2022-12-06","17:15","1:45","Hoorcollege","Dobler, D.","WN-KC137(304/76T)","Faculteit der Betawetenschappen","390","","","Nee","Ja","Nee"
"Operating Systems (PR)","X_405067","49","di","2022-12-06","17:30","di","2022-12-06","19:15","1:45","Practicum","","NU-3A57 (54/27T), NU-3A65 (40/20T)","Faculteit der Betawetenschappen","30","Group 3","","Nee","Ja","Nee"
"Operating Systems (PR)","X_405067","49","wo","2022-12-07","09:00","wo","2022-12-07","10:45","1:45","Practicum","","OZW-6B03(40/20T), OZW-6B04(43/21T)","Faculteit der Betawetenschappen","30","Group 4","","Nee","Ja","Nee"
"Statistical Methods (PR)","X_401020","49","wo","2022-12-07","13:30","wo","2022-12-07","15:15","1:45","Practicum","","NU-5B21 (46Comp/46DT)","Faculteit der Betawetenschappen","56","Computer class","","Nee","Ja","Nee"
"Operating Systems (PR)","X_405067","49","wo","2022-12-07","15:30","wo","2022-12-07","19:15","3:45","Practicum","Bos, H.J., Giuffrida, C.","NU-5A91 (34Comp/34DT), NU-5B21 (46Comp/46DT), NU-6B15 (38Comp/38DT)","Faculteit der Betawetenschappen","450","","","Nee","Ja","Nee"
"Operating Systems (PR)","X_405067","49","do","2022-12-08","09:00","do","2022-12-08","10:45","1:45","Practicum","","NU-6B37 (48Comp)","Faculteit der Betawetenschappen","30","Group 5","","Nee","Ja","Nee"
"Operating Systems (HC)","X_405067","49","do","2022-12-08","11:00","do","2022-12-08","12:45","1:45","Hoorcollege","Bos, H.J., Giuffrida, C.","WN-KC137(304/76T)","Faculteit der Betawetenschappen","450","","Hybrid","Nee","Ja","Nee"
"Operating Systems (PR)","X_405067","49","do","2022-12-08","13:30","do","2022-12-08","15:15","1:45","Practicum","","HG-13A37 (24Comp), NU-5B51 Collaborative (20)","Faculteit der Betawetenschappen","30","Group 6","","Nee","Ja","Nee"
"Statistical Methods (HC)","X_401020","49","do","2022-12-08","15:30","do","2022-12-08","17:15","1:45","Hoorcollege","Dobler, D.","Theater7 NU-4C11(212/50T)","Faculteit der Betawetenschappen","390","","","Nee","Ja","Nee"
"Statistical Methods (WC)","X_401020","49","vr","2022-12-09","11:00","vr","2022-12-09","12:45","1:45","Werkcollege","","WN-C629(40/20T)","Faculteit der Betawetenschappen","56","Exercise class","","Nee","Ja","Nee"
"Operating Systems (PR)","X_405067","49","vr","2022-12-09","15:30","vr","2022-12-09","17:15","1:45","Practicum","","NU-6B15 (38Comp/38DT), NU-6B58 (40Comp/40DT)","Faculteit der Betawetenschappen","30","Group 9","","Nee","Ja","Nee"
"Operating Systems (PR)","X_405067","50","ma","2022-12-12","13:30","ma","2022-12-12","17:15","3:45","Practicum","Bos, H.J., Giuffrida, C.","NU-6B20 (26Comp/24DT), NU-6B37 (48Comp), NU-6B58 (40Comp/40DT)","Faculteit der Betawetenschappen","450","","","Nee","Ja","Nee"
"Operating Systems (PR)","X_405067","50","di","2022-12-13","09:00","di","2022-12-13","10:45","1:45","Practicum","","HG-15A16(39/19T), NU-3A65 (40/20T), NU-6B58 (40Comp/40DT)","Faculteit der Betawetenschappen","30","Group 1","","Nee","Ja","Nee"
"Operating Systems (HC)","X_405067","50","di","2022-12-13","11:00","di","2022-12-13","12:45","1:45","Hoorcollege","Bos, H.J., Giuffrida, C.","WN-KC137(304/76T)","Faculteit der Betawetenschappen","450","","Hybrid","Nee","Ja","Nee"
"Operating Systems (PR)","X_405067","50","di","2022-12-13","13:30","di","2022-12-13","15:15","1:45","Practicum","","HG-00B08 (42Comp)","Faculteit der Betawetenschappen","30","Group 2","","Nee","Ja","Nee"
"Statistical Methods (HC)","X_401020","50","di","2022-12-13","15:30","di","2022-12-13","17:15","1:45","Hoorcollege","Dobler, D.","WN-KC137(304/76T)","Faculteit der Betawetenschappen","390","","","Nee","Ja","Nee"
"Operating Systems (PR)","X_405067","50","di","2022-12-13","17:30","di","2022-12-13","19:15","1:45","Practicum","","NU-3A57 (54/27T), NU-3A65 (40/20T)","Faculteit der Betawetenschappen","30","Group 3","","Nee","Ja","Nee"
"Operating Systems (PR)","X_405067","50","wo","2022-12-14","09:00","wo","2022-12-14","10:45","1:45","Practicum","","OZW-6B03(40/20T), OZW-6B04(43/21T)","Faculteit der Betawetenschappen","30","Group 4","","Nee","Ja","Nee"
"Statistical Methods (PR)","X_401020","50","wo","2022-12-14","13:30","wo","2022-12-14","15:15","1:45","Practicum","","NU-5B21 (46Comp/46DT)","Faculteit der Betawetenschappen","56","Computer class","","Nee","Ja","Nee"
"Operating Systems (PR)","X_405067","50","wo","2022-12-14","15:30","wo","2022-12-14","19:15","3:45","Practicum","Bos, H.J., Giuffrida, C.","NU-5A91 (34Comp/34DT), NU-5B21 (46Comp/46DT), NU-6B15 (38Comp/38DT)","Faculteit der Betawetenschappen","450","","","Nee","Ja","Nee"
"Operating Systems (PR)","X_405067","50","do","2022-12-15","09:00","do","2022-12-15","10:45","1:45","Practicum","","NU-6B37 (48Comp)","Faculteit der Betawetenschappen","30","Group 5","","Nee","Ja","Nee"
"Operating Systems (HC)","X_405067","50","do","2022-12-15","11:00","do","2022-12-15","12:45","1:45","Hoorcollege","Bos, H.J., Giuffrida, C.","WN-KC137(304/76T)","Faculteit der Betawetenschappen","450","","Hybrid","Nee","Ja","Nee"
"Operating Systems (PR)","X_405067","50","do","2022-12-15","13:30","do","2022-12-15","15:15","1:45","Practicum","","HG-13A37 (24Comp), NU-5B51 Collaborative (20)","Faculteit der Betawetenschappen","30","Group 6","","Nee","Ja","Nee"
"Statistical Methods (HC)","X_401020","50","do","2022-12-15","15:30","do","2022-12-15","17:15","1:45","Hoorcollege","Dobler, D.","Theater1 NU-00C07(314/83T)","Faculteit der Betawetenschappen","390","","","Nee","Ja","Nee"
"Statistical Methods (WC)","X_401020","50","vr","2022-12-16","11:00","vr","2022-12-16","12:45","1:45","Werkcollege","","WN-C629(40/20T)","Faculteit der Betawetenschappen","56","Exercise class","","Nee","Ja","Nee"
"Operating Systems (PR)","X_405067","50","vr","2022-12-16","15:30","vr","2022-12-16","17:15","1:45","Practicum","","NU-6B15 (38Comp/38DT), NU-6B58 (40Comp/40DT)","Faculteit der Betawetenschappen","30","Group 9","","Nee","Ja","Nee"
"Statistical Methods (TE)","X_401020","51","di","2022-12-20","08:30","di","2022-12-20","11:15","2:45","Tentamen schriftelijk","Dobler, D.","(T) Emergo blok 01 (102), (T) Emergo blok 02 (85), (T) Emergo blok 03 (85), (T) Emergo blok 04 (102)","Faculteit der Betawetenschappen","390","","","Nee","Ja","Nee"
"History of Science for CS (HC)","XB_0076","2","ma","2023-01-09","15:30","ma","2023-01-09","17:15","1:45","Hoorcollege","Beckers, D.J.","HG-KC07(330/82T)","Faculteit der Betawetenschappen","420","","","Nee","Ja","Nee"
"Data Structures and Algorithms (DHT)","X_400614","2","di","2023-01-10","18:45","di","2023-01-10","21:30","2:45","Hertentamen digitaal","Massacci, F., Tuma, K.","(T) TenT blok 6 Oranje (48), (T) TenT blok 7 Geel (44), (T) TenT blok 8 Zwart (107)","Faculteit der Betawetenschappen","200","","","Nee","Ja","Nee"
"History of Science for CS (HC)","XB_0076","2","wo","2023-01-11","15:30","wo","2023-01-11","17:15","1:45","Hoorcollege","Beckers, D.J.","HG-KC07(330/82T)","Faculteit der Betawetenschappen","420","","","Nee","Ja","Nee"
"History of Science for CS (WG)","XB_0076","2","vr","2023-01-13","13:30","vr","2023-01-13","14:15","0:45","Werkgroep","","NU-4B17 (24/12T)","Faculteit der Betawetenschappen","34","","","Nee","Ja","Nee"
"Academic Writing for CS (HC)","XB_0075","2","vr","2023-01-13","15:30","vr","2023-01-13","17:15","1:45","Hoorcollege","Dreschler, G.A.","","Faculteit der Betawetenschappen","350","","Online","Nee","Nee","Nee"
"History of Science for CS (HC)","XB_0076","3","ma","2023-01-16","15:30","ma","2023-01-16","17:15","1:45","Hoorcollege","Beckers, D.J.","HG-KC07(330/82T)","Faculteit der Betawetenschappen","420","","","Nee","Ja","Nee"
"History of Science for CS (EXC)","XB_0076","3","wo","2023-01-18","09:00","wo","2023-01-18","12:45","3:45","Excursie","Beckers, D.J.","","Faculteit der Betawetenschappen","420","Niet verplicht","","Nee","Nee","Nee"
"History of Science for CS (HC)","XB_0076","3","wo","2023-01-18","15:30","wo","2023-01-18","17:15","1:45","Hoorcollege","Beckers, D.J.","HG-KC07(330/82T)","Faculteit der Betawetenschappen","420","","","Nee","Ja","Nee"
"History of Science for CS (WG)","XB_0076","3","vr","2023-01-20","13:30","vr","2023-01-20","14:15","0:45","Werkgroep","","NU-4B17 (24/12T)","Faculteit der Betawetenschappen","34","","","Nee","Ja","Nee"
"Academic Writing for CS (HC)","XB_0075","3","vr","2023-01-20","15:30","vr","2023-01-20","17:15","1:45","Hoorcollege","Dreschler, G.A.","","Faculteit der Betawetenschappen","350","","Online","Nee","Nee","Nee"
"History of Science for CS (HC)","XB_0076","4","ma","2023-01-23","15:30","ma","2023-01-23","17:15","1:45","Hoorcollege","Beckers, D.J.","HG-KC07(330/82T)","Faculteit der Betawetenschappen","420","","","Nee","Ja","Nee"
"History of Science for CS (HC)","XB_0076","4","wo","2023-01-25","15:30","wo","2023-01-25","17:15","1:45","Hoorcollege","Beckers, D.J.","HG-KC07(330/82T)","Faculteit der Betawetenschappen","420","","","Nee","Ja","Nee"
"History of Science for CS (WG)","XB_0076","4","vr","2023-01-27","13:30","vr","2023-01-27","14:15","0:45","Werkgroep","","NU-4B17 (24/12T)","Faculteit der Betawetenschappen","34","","","Nee","Ja","Nee"
"Academic Writing for CS (HC)","XB_0075","4","vr","2023-01-27","15:30","vr","2023-01-27","17:15","1:45","Hoorcollege","Dreschler, G.A.","","Faculteit der Betawetenschappen","350","","Online","Nee","Nee","Nee"
"History of Science for CS (DT)","XB_0076","5","ma","2023-01-30","15:30","ma","2023-01-30","17:45","2:15","Tentamen digitaal","Beckers, D.J.","(T) IN-2B42 2B56 (84Comp/84DT), (T) IN-2B43 2B55 (93Comp/93DT), (T) TenT blok 4 Lime (54), (T) TenT blok 6 Oranje (48), (T) TenT blok 7 Geel (44), (T) TenT blok 8 Zwart (107)","Faculteit der Betawetenschappen","420","","","Nee","Ja","Nee"
"Human-Computer Interaction (HC)","X_400432","6","ma","2023-02-06","13:30","ma","2023-02-06","15:15","1:45","Hoorcollege","Beauxis Aussalet, E.M.A.L.","HG-KC07(330/82T)","Faculteit der Betawetenschappen","300","","","Nee","Ja","Nee"
"Human-Computer Interaction (WC)","X_400432","6","ma","2023-02-06","15:30","ma","2023-02-06","17:15","1:45","Werkcollege","","NU-2B11 (24/12T)","Faculteit der Betawetenschappen","20","Groups via Canvas","","Nee","Ja","Nee"
"Human-Computer Interaction (WC)","X_400432","6","ma","2023-02-06","15:30","ma","2023-02-06","17:15","1:45","Werkcollege","","NU-4A67 (34/17T)","Faculteit der Betawetenschappen","20","Groups via Canvas","","Nee","Ja","Nee"
"Human-Computer Interaction (WC)","X_400432","6","ma","2023-02-06","15:30","ma","2023-02-06","17:15","1:45","Werkcollege","","NU-6B20 (26Comp/24DT)","Faculteit der Betawetenschappen","20","Groups via Canvas","","Nee","Ja","Nee"
"Human-Computer Interaction (WC)","X_400432","6","ma","2023-02-06","15:30","ma","2023-02-06","17:15","1:45","Werkcollege","","NU-6A04 (24Comp/24DT)","Faculteit der Betawetenschappen","20","Groups via Canvas","","Nee","Ja","Nee"
"Human-Computer Interaction (WC)","X_400432","6","ma","2023-02-06","15:30","ma","2023-02-06","17:15","1:45","Werkcollege","Beauxis Aussalet, E.M.A.L.","NU-4B17 (24/12T)","Faculteit der Betawetenschappen","300","Groups via Canvas","","Nee","Ja","Nee"
"Human-Computer Interaction (WC)","X_400432","6","di","2023-02-07","09:00","di","2023-02-07","10:45","1:45","Werkcollege","Beauxis Aussalet, E.M.A.L.","NU-4B17 (24/12T)","Faculteit der Betawetenschappen","20","Groups via Canvas","","Nee","Ja","Nee"
"Human-Computer Interaction (WC)","X_400432","6","di","2023-02-07","09:00","di","2023-02-07","10:45","1:45","Werkcollege","","NU-6A52 (28/14T)","Faculteit der Betawetenschappen","20","Groups via Canvas","","Nee","Ja","Nee"
"Human-Computer Interaction (WC)","X_400432","6","di","2023-02-07","09:00","di","2023-02-07","10:45","1:45","Werkcollege","","NU-2B01 (20/10T)","Faculteit der Betawetenschappen","20","Groups via Canvas","","Nee","Ja","Nee"
"Human-Computer Interaction (WC)","X_400432","6","di","2023-02-07","09:00","di","2023-02-07","10:45","1:45","Werkcollege","","NU-6B20 (26Comp/24DT)","Faculteit der Betawetenschappen","20","Groups via Canvas","","Nee","Ja","Nee"
"Human-Computer Interaction (WC)","X_400432","6","di","2023-02-07","09:00","di","2023-02-07","10:45","1:45","Werkcollege","","NU-5A91 (34Comp/34DT)","Faculteit der Betawetenschappen","20","Groups via Canvas","","Nee","Ja","Nee"
"Human-Computer Interaction (WC)","X_400432","6","di","2023-02-07","13:30","di","2023-02-07","15:15","1:45","Werkcollege","Beauxis Aussalet, E.M.A.L.","NU-2B11 (24/12T)","Faculteit der Betawetenschappen","20","Groups via Canvas","","Nee","Ja","Nee"
"Human-Computer Interaction (WC)","X_400432","6","di","2023-02-07","13:30","di","2023-02-07","15:15","1:45","Werkcollege","","NU-4B17 (24/12T)","Faculteit der Betawetenschappen","20","Groups via Canvas","","Nee","Ja","Nee"
"Human-Computer Interaction (WC)","X_400432","6","di","2023-02-07","13:30","di","2023-02-07","15:15","1:45","Werkcollege","","NU-6A04 (24Comp/24DT)","Faculteit der Betawetenschappen","20","Groups via Canvas","","Nee","Ja","Nee"
"Human-Computer Interaction (WC)","X_400432","6","di","2023-02-07","13:30","di","2023-02-07","15:15","1:45","Werkcollege","","NU-6C33 (24Comp/24DT)","Faculteit der Betawetenschappen","20","Groups via Canvas","","Nee","Ja","Nee"
"Human-Computer Interaction (WC)","X_400432","6","di","2023-02-07","13:30","di","2023-02-07","15:15","1:45","Werkcollege","","HG-13A37 (24Comp)","Faculteit der Betawetenschappen","20","Groups via Canvas","","Nee","Ja","Nee"
"Software Design (HC)","XB_40007","6","di","2023-02-07","15:30","di","2023-02-07","17:15","1:45","Hoorcollege","Malavolta, I.","HG-KC07(330/82T)","Faculteit der Betawetenschappen","400","","","Nee","Ja","Nee"
"Software Design (WC)","XB_40007","6","do","2023-02-09","11:00","do","2023-02-09","12:45","1:45","Werkcollege","Malavolta, I.","MF-FG2(250/62T), Theater3 NU-2C33(185/40T)","Faculteit der Betawetenschappen","400","See Canvas for group divisions","","Nee","Ja","Nee"
"Human-Computer Interaction (HC)","X_400432","6","do","2023-02-09","13:30","do","2023-02-09","15:15","1:45","Hoorcollege","Beauxis Aussalet, E.M.A.L.","HG-KC07(330/82T)","Faculteit der Betawetenschappen","300","","","Nee","Ja","Nee"
"Human-Computer Interaction (HC)","X_400432","7","ma","2023-02-13","13:30","ma","2023-02-13","15:15","1:45","Hoorcollege","Beauxis Aussalet, E.M.A.L.","HG-KC07(330/82T)","Faculteit der Betawetenschappen","300","","","Nee","Ja","Nee"
"Human-Computer Interaction (WC)","X_400432","7","ma","2023-02-13","15:30","ma","2023-02-13","17:15","1:45","Werkcollege","","NU-2B11 (24/12T)","Faculteit der Betawetenschappen","20","Groups via Canvas","","Nee","Ja","Nee"
"Human-Computer Interaction (WC)","X_400432","7","ma","2023-02-13","15:30","ma","2023-02-13","17:15","1:45","Werkcollege","","NU-4A67 (34/17T)","Faculteit der Betawetenschappen","20","Groups via Canvas","","Nee","Ja","Nee"
"Human-Computer Interaction (WC)","X_400432","7","ma","2023-02-13","15:30","ma","2023-02-13","17:15","1:45","Werkcollege","","NU-6B20 (26Comp/24DT)","Faculteit der Betawetenschappen","20","Groups via Canvas","","Nee","Ja","Nee"
"Human-Computer Interaction (WC)","X_400432","7","ma","2023-02-13","15:30","ma","2023-02-13","17:15","1:45","Werkcollege","","NU-6A04 (24Comp/24DT)","Faculteit der Betawetenschappen","20","Groups via Canvas","","Nee","Ja","Nee"
"Human-Computer Interaction (WC)","X_400432","7","ma","2023-02-13","15:30","ma","2023-02-13","17:15","1:45","Werkcollege","Beauxis Aussalet, E.M.A.L.","NU-4B17 (24/12T)","Faculteit der Betawetenschappen","300","Groups via Canvas","","Nee","Ja","Nee"
"Human-Computer Interaction (WC)","X_400432","7","di","2023-02-14","09:00","di","2023-02-14","10:45","1:45","Werkcollege","Beauxis Aussalet, E.M.A.L.","NU-4B17 (24/12T)","Faculteit der Betawetenschappen","20","Groups via Canvas","","Nee","Ja","Nee"
"Human-Computer Interaction (WC)","X_400432","7","di","2023-02-14","09:00","di","2023-02-14","10:45","1:45","Werkcollege","","NU-6A52 (28/14T)","Faculteit der Betawetenschappen","20","Groups via Canvas","","Nee","Ja","Nee"
"Human-Computer Interaction (WC)","X_400432","7","di","2023-02-14","09:00","di","2023-02-14","10:45","1:45","Werkcollege","","NU-2B01 (20/10T)","Faculteit der Betawetenschappen","20","Groups via Canvas","","Nee","Ja","Nee"
"Human-Computer Interaction (WC)","X_400432","7","di","2023-02-14","09:00","di","2023-02-14","10:45","1:45","Werkcollege","","NU-6B20 (26Comp/24DT)","Faculteit der Betawetenschappen","20","Groups via Canvas","","Nee","Ja","Nee"
"Human-Computer Interaction (WC)","X_400432","7","di","2023-02-14","09:00","di","2023-02-14","10:45","1:45","Werkcollege","","NU-5A91 (34Comp/34DT)","Faculteit der Betawetenschappen","20","Groups via Canvas","","Nee","Ja","Nee"
"Human-Computer Interaction (WC)","X_400432","7","di","2023-02-14","13:30","di","2023-02-14","15:15","1:45","Werkcollege","Beauxis Aussalet, E.M.A.L.","NU-2B11 (24/12T)","Faculteit der Betawetenschappen","20","Groups via Canvas","","Nee","Ja","Nee"
"Human-Computer Interaction (WC)","X_400432","7","di","2023-02-14","13:30","di","2023-02-14","15:15","1:45","Werkcollege","","NU-4B17 (24/12T)","Faculteit der Betawetenschappen","20","Groups via Canvas","","Nee","Ja","Nee"
"Human-Computer Interaction (WC)","X_400432","7","di","2023-02-14","13:30","di","2023-02-14","15:15","1:45","Werkcollege","","NU-6A04 (24Comp/24DT)","Faculteit der Betawetenschappen","20","Groups via Canvas","","Nee","Ja","Nee"
"Human-Computer Interaction (WC)","X_400432","7","di","2023-02-14","13:30","di","2023-02-14","15:15","1:45","Werkcollege","","NU-6C33 (24Comp/24DT)","Faculteit der Betawetenschappen","20","Groups via Canvas","","Nee","Ja","Nee"
"Human-Computer Interaction (WC)","X_400432","7","di","2023-02-14","13:30","di","2023-02-14","15:15","1:45","Werkcollege","","HG-13A37 (24Comp)","Faculteit der Betawetenschappen","20","Groups via Canvas","","Nee","Ja","Nee"
"Software Design (HC)","XB_40007","7","di","2023-02-14","15:30","di","2023-02-14","17:15","1:45","Hoorcollege","Malavolta, I.","HG-KC07(330/82T)","Faculteit der Betawetenschappen","400","","","Nee","Ja","Nee"
"Software Design (WC)","XB_40007","7","do","2023-02-16","11:00","do","2023-02-16","12:45","1:45","Werkcollege","Malavolta, I.","MF-FG2(250/62T), Theater3 NU-2C33(185/40T)","Faculteit der Betawetenschappen","400","See Canvas for group divisions","","Nee","Ja","Nee"
"Human-Computer Interaction (HC)","X_400432","8","ma","2023-02-20","13:30","ma","2023-02-20","15:15","1:45","Hoorcollege","Beauxis Aussalet, E.M.A.L.","HG-KC07(330/82T)","Faculteit der Betawetenschappen","300","","","Nee","Ja","Nee"
"Human-Computer Interaction (WC)","X_400432","8","ma","2023-02-20","15:30","ma","2023-02-20","17:15","1:45","Werkcollege","","NU-2B11 (24/12T)","Faculteit der Betawetenschappen","20","Groups via Canvas","","Nee","Ja","Nee"
"Human-Computer Interaction (WC)","X_400432","8","ma","2023-02-20","15:30","ma","2023-02-20","17:15","1:45","Werkcollege","","NU-4A67 (34/17T)","Faculteit der Betawetenschappen","20","Groups via Canvas","","Nee","Ja","Nee"
"Human-Computer Interaction (WC)","X_400432","8","ma","2023-02-20","15:30","ma","2023-02-20","17:15","1:45","Werkcollege","","NU-6B20 (26Comp/24DT)","Faculteit der Betawetenschappen","20","Groups via Canvas","","Nee","Ja","Nee"
"Human-Computer Interaction (WC)","X_400432","8","ma","2023-02-20","15:30","ma","2023-02-20","17:15","1:45","Werkcollege","","NU-6A04 (24Comp/24DT)","Faculteit der Betawetenschappen","20","Groups via Canvas","","Nee","Ja","Nee"
"Human-Computer Interaction (WC)","X_400432","8","ma","2023-02-20","15:30","ma","2023-02-20","17:15","1:45","Werkcollege","Beauxis Aussalet, E.M.A.L.","NU-4B17 (24/12T)","Faculteit der Betawetenschappen","300","Groups via Canvas","","Nee","Ja","Nee"
"Human-Computer Interaction (WC)","X_400432","8","di","2023-02-21","09:00","di","2023-02-21","10:45","1:45","Werkcollege","Beauxis Aussalet, E.M.A.L.","NU-4B17 (24/12T)","Faculteit der Betawetenschappen","20","Groups via Canvas","","Nee","Ja","Nee"
"Human-Computer Interaction (WC)","X_400432","8","di","2023-02-21","09:00","di","2023-02-21","10:45","1:45","Werkcollege","","NU-6A52 (28/14T)","Faculteit der Betawetenschappen","20","Groups via Canvas","","Nee","Ja","Nee"
"Human-Computer Interaction (WC)","X_400432","8","di","2023-02-21","09:00","di","2023-02-21","10:45","1:45","Werkcollege","","NU-2B01 (20/10T)","Faculteit der Betawetenschappen","20","Groups via Canvas","","Nee","Ja","Nee"
"Human-Computer Interaction (WC)","X_400432","8","di","2023-02-21","09:00","di","2023-02-21","10:45","1:45","Werkcollege","","NU-6B20 (26Comp/24DT)","Faculteit der Betawetenschappen","20","Groups via Canvas","","Nee","Ja","Nee"
"Human-Computer Interaction (WC)","X_400432","8","di","2023-02-21","09:00","di","2023-02-21","10:45","1:45","Werkcollege","","NU-5A91 (34Comp/34DT)","Faculteit der Betawetenschappen","20","Groups via Canvas","","Nee","Ja","Nee"
"Human-Computer Interaction (WC)","X_400432","8","di","2023-02-21","13:30","di","2023-02-21","15:15","1:45","Werkcollege","Beauxis Aussalet, E.M.A.L.","NU-2B11 (24/12T)","Faculteit der Betawetenschappen","20","Groups via Canvas","","Nee","Ja","Nee"
"Human-Computer Interaction (WC)","X_400432","8","di","2023-02-21","13:30","di","2023-02-21","15:15","1:45","Werkcollege","","NU-4B17 (24/12T)","Faculteit der Betawetenschappen","20","Groups via Canvas","","Nee","Ja","Nee"
"Human-Computer Interaction (WC)","X_400432","8","di","2023-02-21","13:30","di","2023-02-21","15:15","1:45","Werkcollege","","NU-6A04 (24Comp/24DT)","Faculteit der Betawetenschappen","20","Groups via Canvas","","Nee","Ja","Nee"
"Human-Computer Interaction (WC)","X_400432","8","di","2023-02-21","13:30","di","2023-02-21","15:15","1:45","Werkcollege","","NU-6C33 (24Comp/24DT)","Faculteit der Betawetenschappen","20","Groups via Canvas","","Nee","Ja","Nee"
"Human-Computer Interaction (WC)","X_400432","8","di","2023-02-21","13:30","di","2023-02-21","15:15","1:45","Werkcollege","","HG-13A37 (24Comp)","Faculteit der Betawetenschappen","20","Groups via Canvas","","Nee","Ja","Nee"
"Software Design (HC)","XB_40007","8","di","2023-02-21","15:30","di","2023-02-21","17:15","1:45","Hoorcollege","Malavolta, I.","HG-KC07(330/82T)","Faculteit der Betawetenschappen","400","","","Nee","Ja","Nee"
"Software Design (WC)","XB_40007","8","do","2023-02-23","11:00","do","2023-02-23","12:45","1:45","Werkcollege","Malavolta, I.","MF-FG2(250/62T), Theater3 NU-2C33(185/40T)","Faculteit der Betawetenschappen","400","See Canvas for group divisions","","Nee","Ja","Nee"
"Human-Computer Interaction (HC)","X_400432","8","do","2023-02-23","13:30","do","2023-02-23","15:15","1:45","Hoorcollege","Beauxis Aussalet, E.M.A.L.","HG-KC07(330/82T)","Faculteit der Betawetenschappen","300","","","Nee","Ja","Nee"
"Human-Computer Interaction (HC)","X_400432","9","ma","2023-02-27","13:30","ma","2023-02-27","15:15","1:45","Hoorcollege","Beauxis Aussalet, E.M.A.L.","HG-KC07(330/82T)","Faculteit der Betawetenschappen","300","","","Nee","Ja","Nee"
"Human-Computer Interaction (WC)","X_400432","9","ma","2023-02-27","15:30","ma","2023-02-27","17:15","1:45","Werkcollege","","NU-2B11 (24/12T)","Faculteit der Betawetenschappen","20","Groups via Canvas","","Nee","Ja","Nee"
"Human-Computer Interaction (WC)","X_400432","9","ma","2023-02-27","15:30","ma","2023-02-27","17:15","1:45","Werkcollege","","NU-4A67 (34/17T)","Faculteit der Betawetenschappen","20","Groups via Canvas","","Nee","Ja","Nee"
"Human-Computer Interaction (WC)","X_400432","9","ma","2023-02-27","15:30","ma","2023-02-27","17:15","1:45","Werkcollege","","NU-6B20 (26Comp/24DT)","Faculteit der Betawetenschappen","20","Groups via Canvas","","Nee","Ja","Nee"
"Human-Computer Interaction (WC)","X_400432","9","ma","2023-02-27","15:30","ma","2023-02-27","17:15","1:45","Werkcollege","","NU-6A04 (24Comp/24DT)","Faculteit der Betawetenschappen","20","Groups via Canvas","","Nee","Ja","Nee"
"Human-Computer Interaction (WC)","X_400432","9","ma","2023-02-27","15:30","ma","2023-02-27","17:15","1:45","Werkcollege","Beauxis Aussalet, E.M.A.L.","NU-4B17 (24/12T)","Faculteit der Betawetenschappen","300","Groups via Canvas","","Nee","Ja","Nee"
"Human-Computer Interaction (WC)","X_400432","9","di","2023-02-28","09:00","di","2023-02-28","10:45","1:45","Werkcollege","Beauxis Aussalet, E.M.A.L.","NU-4B17 (24/12T)","Faculteit der Betawetenschappen","20","Groups via Canvas","","Nee","Ja","Nee"
"Human-Computer Interaction (WC)","X_400432","9","di","2023-02-28","09:00","di","2023-02-28","10:45","1:45","Werkcollege","","NU-6A52 (28/14T)","Faculteit der Betawetenschappen","20","Groups via Canvas","","Nee","Ja","Nee"
"Human-Computer Interaction (WC)","X_400432","9","di","2023-02-28","09:00","di","2023-02-28","10:45","1:45","Werkcollege","","NU-2B01 (20/10T)","Faculteit der Betawetenschappen","20","Groups via Canvas","","Nee","Ja","Nee"
"Human-Computer Interaction (WC)","X_400432","9","di","2023-02-28","09:00","di","2023-02-28","10:45","1:45","Werkcollege","","NU-6B20 (26Comp/24DT)","Faculteit der Betawetenschappen","20","Groups via Canvas","","Nee","Ja","Nee"
"Human-Computer Interaction (WC)","X_400432","9","di","2023-02-28","09:00","di","2023-02-28","10:45","1:45","Werkcollege","","NU-5A91 (34Comp/34DT)","Faculteit der Betawetenschappen","20","Groups via Canvas","","Nee","Ja","Nee"
"Human-Computer Interaction (WC)","X_400432","9","di","2023-02-28","13:30","di","2023-02-28","15:15","1:45","Werkcollege","Beauxis Aussalet, E.M.A.L.","NU-2B11 (24/12T)","Faculteit der Betawetenschappen","20","Groups via Canvas","","Nee","Ja","Nee"
"Human-Computer Interaction (WC)","X_400432","9","di","2023-02-28","13:30","di","2023-02-28","15:15","1:45","Werkcollege","","NU-4B17 (24/12T)","Faculteit der Betawetenschappen","20","Groups via Canvas","","Nee","Ja","Nee"
"Human-Computer Interaction (WC)","X_400432","9","di","2023-02-28","13:30","di","2023-02-28","15:15","1:45","Werkcollege","","NU-6A04 (24Comp/24DT)","Faculteit der Betawetenschappen","20","Groups via Canvas","","Nee","Ja","Nee"
"Human-Computer Interaction (WC)","X_400432","9","di","2023-02-28","13:30","di","2023-02-28","15:15","1:45","Werkcollege","","NU-6C33 (24Comp/24DT)","Faculteit der Betawetenschappen","20","Groups via Canvas","","Nee","Ja","Nee"
"Human-Computer Interaction (WC)","X_400432","9","di","2023-02-28","13:30","di","2023-02-28","15:15","1:45","Werkcollege","","HG-13A37 (24Comp)","Faculteit der Betawetenschappen","20","Groups via Canvas","","Nee","Ja","Nee"
"Software Design (HC)","XB_40007","9","di","2023-02-28","15:30","di","2023-02-28","17:15","1:45","Hoorcollege","Malavolta, I.","HG-KC07(330/82T)","Faculteit der Betawetenschappen","400","","","Nee","Ja","Nee"
"Software Design (WC)","XB_40007","9","do","2023-03-02","11:00","do","2023-03-02","12:45","1:45","Werkcollege","Malavolta, I.","MF-FG2(250/62T), Theater3 NU-2C33(185/40T)","Faculteit der Betawetenschappen","400","See Canvas for group divisions","","Nee","Ja","Nee"
"Human-Computer Interaction (HC)","X_400432","10","ma","2023-03-06","13:30","ma","2023-03-06","15:15","1:45","Hoorcollege","Beauxis Aussalet, E.M.A.L.","HG-KC07(330/82T)","Faculteit der Betawetenschappen","300","","","Nee","Ja","Nee"
"Human-Computer Interaction (WC)","X_400432","10","ma","2023-03-06","15:30","ma","2023-03-06","17:15","1:45","Werkcollege","","NU-2B11 (24/12T)","Faculteit der Betawetenschappen","20","Groups via Canvas","","Nee","Ja","Nee"
"Human-Computer Interaction (WC)","X_400432","10","ma","2023-03-06","15:30","ma","2023-03-06","17:15","1:45","Werkcollege","","NU-4A67 (34/17T)","Faculteit der Betawetenschappen","20","Groups via Canvas","","Nee","Ja","Nee"
"Human-Computer Interaction (WC)","X_400432","10","ma","2023-03-06","15:30","ma","2023-03-06","17:15","1:45","Werkcollege","","NU-6B20 (26Comp/24DT)","Faculteit der Betawetenschappen","20","Groups via Canvas","","Nee","Ja","Nee"
"Human-Computer Interaction (WC)","X_400432","10","ma","2023-03-06","15:30","ma","2023-03-06","17:15","1:45","Werkcollege","","NU-6A04 (24Comp/24DT)","Faculteit der Betawetenschappen","20","Groups via Canvas","","Nee","Ja","Nee"
"Human-Computer Interaction (WC)","X_400432","10","ma","2023-03-06","15:30","ma","2023-03-06","17:15","1:45","Werkcollege","Beauxis Aussalet, E.M.A.L.","NU-4B17 (24/12T)","Faculteit der Betawetenschappen","300","Groups via Canvas","","Nee","Ja","Nee"
"Human-Computer Interaction (WC)","X_400432","10","di","2023-03-07","09:00","di","2023-03-07","10:45","1:45","Werkcollege","Beauxis Aussalet, E.M.A.L.","NU-4B17 (24/12T)","Faculteit der Betawetenschappen","20","Groups via Canvas","","Nee","Ja","Nee"
"Human-Computer Interaction (WC)","X_400432","10","di","2023-03-07","09:00","di","2023-03-07","10:45","1:45","Werkcollege","","NU-6A52 (28/14T)","Faculteit der Betawetenschappen","20","Groups via Canvas","","Nee","Ja","Nee"
"Human-Computer Interaction (WC)","X_400432","10","di","2023-03-07","09:00","di","2023-03-07","10:45","1:45","Werkcollege","","NU-2B01 (20/10T)","Faculteit der Betawetenschappen","20","Groups via Canvas","","Nee","Ja","Nee"
"Human-Computer Interaction (WC)","X_400432","10","di","2023-03-07","09:00","di","2023-03-07","10:45","1:45","Werkcollege","","NU-6B20 (26Comp/24DT)","Faculteit der Betawetenschappen","20","Groups via Canvas","","Nee","Ja","Nee"
"Human-Computer Interaction (WC)","X_400432","10","di","2023-03-07","09:00","di","2023-03-07","10:45","1:45","Werkcollege","","NU-5A91 (34Comp/34DT)","Faculteit der Betawetenschappen","20","Groups via Canvas","","Nee","Ja","Nee"
"Human-Computer Interaction (WC)","X_400432","10","di","2023-03-07","13:30","di","2023-03-07","15:15","1:45","Werkcollege","Beauxis Aussalet, E.M.A.L.","NU-2B11 (24/12T)","Faculteit der Betawetenschappen","20","Groups via Canvas","","Nee","Ja","Nee"
"Human-Computer Interaction (WC)","X_400432","10","di","2023-03-07","13:30","di","2023-03-07","15:15","1:45","Werkcollege","","NU-4B17 (24/12T)","Faculteit der Betawetenschappen","20","Groups via Canvas","","Nee","Ja","Nee"
"Human-Computer Interaction (WC)","X_400432","10","di","2023-03-07","13:30","di","2023-03-07","15:15","1:45","Werkcollege","","NU-6A04 (24Comp/24DT)","Faculteit der Betawetenschappen","20","Groups via Canvas","","Nee","Ja","Nee"
"Human-Computer Interaction (WC)","X_400432","10","di","2023-03-07","13:30","di","2023-03-07","15:15","1:45","Werkcollege","","NU-6C33 (24Comp/24DT)","Faculteit der Betawetenschappen","20","Groups via Canvas","","Nee","Ja","Nee"
"Human-Computer Interaction (WC)","X_400432","10","di","2023-03-07","13:30","di","2023-03-07","15:15","1:45","Werkcollege","","HG-13A37 (24Comp)","Faculteit der Betawetenschappen","20","Groups via Canvas","","Nee","Ja","Nee"
"Software Design (HC)","XB_40007","10","di","2023-03-07","15:30","di","2023-03-07","17:15","1:45","Hoorcollege","Malavolta, I.","HG-KC07(330/82T)","Faculteit der Betawetenschappen","400","","","Nee","Ja","Nee"
"Software Design (WC)","XB_40007","10","do","2023-03-09","11:00","do","2023-03-09","12:45","1:45","Werkcollege","Malavolta, I.","MF-FG2(250/62T), Theater3 NU-2C33(185/40T)","Faculteit der Betawetenschappen","400","See Canvas for group divisions","","Nee","Ja","Nee"
"Human-Computer Interaction (HC)","X_400432","10","do","2023-03-09","13:30","do","2023-03-09","15:15","1:45","Hoorcollege","Beauxis Aussalet, E.M.A.L.","HG-KC07(330/82T)","Faculteit der Betawetenschappen","300","","","Nee","Ja","Nee"
"Human-Computer Interaction (HC)","X_400432","11","ma","2023-03-13","13:30","ma","2023-03-13","15:15","1:45","Hoorcollege","Beauxis Aussalet, E.M.A.L.","HG-KC07(330/82T)","Faculteit der Betawetenschappen","300","","","Nee","Ja","Nee"
"Human-Computer Interaction (WC)","X_400432","11","ma","2023-03-13","15:30","ma","2023-03-13","17:15","1:45","Werkcollege","","NU-2B11 (24/12T)","Faculteit der Betawetenschappen","20","Groups via Canvas","","Nee","Ja","Nee"
"Human-Computer Interaction (WC)","X_400432","11","ma","2023-03-13","15:30","ma","2023-03-13","17:15","1:45","Werkcollege","","NU-4A67 (34/17T)","Faculteit der Betawetenschappen","20","Groups via Canvas","","Nee","Ja","Nee"
"Human-Computer Interaction (WC)","X_400432","11","ma","2023-03-13","15:30","ma","2023-03-13","17:15","1:45","Werkcollege","","NU-6B20 (26Comp/24DT)","Faculteit der Betawetenschappen","20","Groups via Canvas","","Nee","Ja","Nee"
"Human-Computer Interaction (WC)","X_400432","11","ma","2023-03-13","15:30","ma","2023-03-13","17:15","1:45","Werkcollege","","NU-6A04 (24Comp/24DT)","Faculteit der Betawetenschappen","20","Groups via Canvas","","Nee","Ja","Nee"
"Human-Computer Interaction (WC)","X_400432","11","ma","2023-03-13","15:30","ma","2023-03-13","17:15","1:45","Werkcollege","Beauxis Aussalet, E.M.A.L.","NU-4B17 (24/12T)","Faculteit der Betawetenschappen","300","Groups via Canvas","","Nee","Ja","Nee"
"Human-Computer Interaction (WC)","X_400432","11","di","2023-03-14","09:00","di","2023-03-14","10:45","1:45","Werkcollege","Beauxis Aussalet, E.M.A.L.","NU-4B17 (24/12T)","Faculteit der Betawetenschappen","20","Groups via Canvas","","Nee","Ja","Nee"
"Human-Computer Interaction (WC)","X_400432","11","di","2023-03-14","09:00","di","2023-03-14","10:45","1:45","Werkcollege","","NU-6A52 (28/14T)","Faculteit der Betawetenschappen","20","Groups via Canvas","","Nee","Ja","Nee"
"Human-Computer Interaction (WC)","X_400432","11","di","2023-03-14","09:00","di","2023-03-14","10:45","1:45","Werkcollege","","NU-2B01 (20/10T)","Faculteit der Betawetenschappen","20","Groups via Canvas","","Nee","Ja","Nee"
"Human-Computer Interaction (WC)","X_400432","11","di","2023-03-14","09:00","di","2023-03-14","10:45","1:45","Werkcollege","","NU-6B20 (26Comp/24DT)","Faculteit der Betawetenschappen","20","Groups via Canvas","","Nee","Ja","Nee"
"Human-Computer Interaction (WC)","X_400432","11","di","2023-03-14","09:00","di","2023-03-14","10:45","1:45","Werkcollege","","NU-5A91 (34Comp/34DT)","Faculteit der Betawetenschappen","20","Groups via Canvas","","Nee","Ja","Nee"
"Human-Computer Interaction (WC)","X_400432","11","di","2023-03-14","13:30","di","2023-03-14","15:15","1:45","Werkcollege","Beauxis Aussalet, E.M.A.L.","NU-2B11 (24/12T)","Faculteit der Betawetenschappen","20","Groups via Canvas","","Nee","Ja","Nee"
"Human-Computer Interaction (WC)","X_400432","11","di","2023-03-14","13:30","di","2023-03-14","15:15","1:45","Werkcollege","","NU-4B17 (24/12T)","Faculteit der Betawetenschappen","20","Groups via Canvas","","Nee","Ja","Nee"
"Human-Computer Interaction (WC)","X_400432","11","di","2023-03-14","13:30","di","2023-03-14","15:15","1:45","Werkcollege","","NU-6A04 (24Comp/24DT)","Faculteit der Betawetenschappen","20","Groups via Canvas","","Nee","Ja","Nee"
"Human-Computer Interaction (WC)","X_400432","11","di","2023-03-14","13:30","di","2023-03-14","15:15","1:45","Werkcollege","","NU-6C33 (24Comp/24DT)","Faculteit der Betawetenschappen","20","Groups via Canvas","","Nee","Ja","Nee"
"Human-Computer Interaction (WC)","X_400432","11","di","2023-03-14","13:30","di","2023-03-14","15:15","1:45","Werkcollege","","HG-13A37 (24Comp)","Faculteit der Betawetenschappen","20","Groups via Canvas","","Nee","Ja","Nee"
"Software Design (HC)","XB_40007","11","di","2023-03-14","15:30","di","2023-03-14","17:15","1:45","Hoorcollege","Malavolta, I.","HG-KC07(330/82T)","Faculteit der Betawetenschappen","400","","","Nee","Ja","Nee"
"Software Design (WC)","XB_40007","11","do","2023-03-16","11:00","do","2023-03-16","12:45","1:45","Werkcollege","Malavolta, I.","MF-FG2(250/62T), Theater3 NU-2C33(185/40T)","Faculteit der Betawetenschappen","400","See Canvas for group divisions","","Nee","Ja","Nee"
"Human-Computer Interaction (HC)","X_400432","12","ma","2023-03-20","13:30","ma","2023-03-20","15:15","1:45","Hoorcollege","Beauxis Aussalet, E.M.A.L.","HG-KC07(330/82T)","Faculteit der Betawetenschappen","300","","","Nee","Ja","Nee"
"Human-Computer Interaction (WC)","X_400432","12","ma","2023-03-20","15:30","ma","2023-03-20","17:15","1:45","Werkcollege","","NU-2B11 (24/12T)","Faculteit der Betawetenschappen","20","Groups via Canvas","","Nee","Ja","Nee"
"Human-Computer Interaction (WC)","X_400432","12","ma","2023-03-20","15:30","ma","2023-03-20","17:15","1:45","Werkcollege","","NU-4A67 (34/17T)","Faculteit der Betawetenschappen","20","Groups via Canvas","","Nee","Ja","Nee"
"Human-Computer Interaction (WC)","X_400432","12","ma","2023-03-20","15:30","ma","2023-03-20","17:15","1:45","Werkcollege","","NU-6B20 (26Comp/24DT)","Faculteit der Betawetenschappen","20","Groups via Canvas","","Nee","Ja","Nee"
"Human-Computer Interaction (WC)","X_400432","12","ma","2023-03-20","15:30","ma","2023-03-20","17:15","1:45","Werkcollege","","NU-6A04 (24Comp/24DT)","Faculteit der Betawetenschappen","20","Groups via Canvas","","Nee","Ja","Nee"
"Human-Computer Interaction (WC)","X_400432","12","ma","2023-03-20","15:30","ma","2023-03-20","17:15","1:45","Werkcollege","Beauxis Aussalet, E.M.A.L.","NU-4B17 (24/12T)","Faculteit der Betawetenschappen","300","Groups via Canvas","","Nee","Ja","Nee"
"Human-Computer Interaction (WC)","X_400432","12","di","2023-03-21","09:00","di","2023-03-21","10:45","1:45","Werkcollege","Beauxis Aussalet, E.M.A.L.","NU-4B17 (24/12T)","Faculteit der Betawetenschappen","20","Groups via Canvas","","Nee","Ja","Nee"
"Human-Computer Interaction (WC)","X_400432","12","di","2023-03-21","09:00","di","2023-03-21","10:45","1:45","Werkcollege","","NU-6A52 (28/14T)","Faculteit der Betawetenschappen","20","Groups via Canvas","","Nee","Ja","Nee"
"Human-Computer Interaction (WC)","X_400432","12","di","2023-03-21","09:00","di","2023-03-21","10:45","1:45","Werkcollege","","NU-2B01 (20/10T)","Faculteit der Betawetenschappen","20","Groups via Canvas","","Nee","Ja","Nee"
"Human-Computer Interaction (WC)","X_400432","12","di","2023-03-21","09:00","di","2023-03-21","10:45","1:45","Werkcollege","","NU-6B20 (26Comp/24DT)","Faculteit der Betawetenschappen","20","Groups via Canvas","","Nee","Ja","Nee"
"Human-Computer Interaction (WC)","X_400432","12","di","2023-03-21","09:00","di","2023-03-21","10:45","1:45","Werkcollege","","NU-5A91 (34Comp/34DT)","Faculteit der Betawetenschappen","20","Groups via Canvas","","Nee","Ja","Nee"
"Human-Computer Interaction (WC)","X_400432","12","di","2023-03-21","13:30","di","2023-03-21","15:15","1:45","Werkcollege","Beauxis Aussalet, E.M.A.L.","NU-2B11 (24/12T)","Faculteit der Betawetenschappen","20","Groups via Canvas","","Nee","Ja","Nee"
"Human-Computer Interaction (WC)","X_400432","12","di","2023-03-21","13:30","di","2023-03-21","15:15","1:45","Werkcollege","","NU-4B17 (24/12T)","Faculteit der Betawetenschappen","20","Groups via Canvas","","Nee","Ja","Nee"
"Human-Computer Interaction (WC)","X_400432","12","di","2023-03-21","13:30","di","2023-03-21","15:15","1:45","Werkcollege","","NU-6A04 (24Comp/24DT)","Faculteit der Betawetenschappen","20","Groups via Canvas","","Nee","Ja","Nee"
"Human-Computer Interaction (WC)","X_400432","12","di","2023-03-21","13:30","di","2023-03-21","15:15","1:45","Werkcollege","","NU-6C33 (24Comp/24DT)","Faculteit der Betawetenschappen","20","Groups via Canvas","","Nee","Ja","Nee"
"Human-Computer Interaction (WC)","X_400432","12","di","2023-03-21","13:30","di","2023-03-21","15:15","1:45","Werkcollege","","HG-13A37 (24Comp)","Faculteit der Betawetenschappen","20","Groups via Canvas","","Nee","Ja","Nee"
"Software Design (HC)","XB_40007","12","di","2023-03-21","15:30","di","2023-03-21","17:15","1:45","Hoorcollege","Malavolta, I.","HG-KC07(330/82T)","Faculteit der Betawetenschappen","400","","","Nee","Ja","Nee"
"Software Design (WC)","XB_40007","12","do","2023-03-23","11:00","do","2023-03-23","12:45","1:45","Werkcollege","Malavolta, I.","MF-FG2(250/62T), Theater3 NU-2C33(185/40T)","Faculteit der Betawetenschappen","400","See Canvas for group divisions","","Nee","Ja","Nee"
"Human-Computer Interaction (HC)","X_400432","12","do","2023-03-23","13:30","do","2023-03-23","15:15","1:45","Hoorcollege","Beauxis Aussalet, E.M.A.L.","HG-KC07(330/82T)","Faculteit der Betawetenschappen","300","","","Nee","Ja","Nee"
"Software Design (TE)","XB_40007","13","ma","2023-03-27","08:30","ma","2023-03-27","09:30","1:00","Tentamen schriftelijk","Malavolta, I.","(T) RAI blok 07 (100), (T) RAI blok 08 (100), (T) RAI blok 09 (100), (T) RAI blok 10 (100)","Faculteit der Betawetenschappen","400","","","Nee","Ja","Nee"
"Human-Computer Interaction (DT)","X_400432","13","wo","2023-03-29","12:15","wo","2023-03-29","14:30","2:15","Tentamen digitaal","","(T) TenT blok 1 Blauw (102), (T) TenT blok 2 Rood (85), (T) TenT blok 4 Lime (54)","Faculteit der Betawetenschappen","240","","","Nee","Ja","Nee"
"Linear Algebra (HC)","X_400649","14","di","2023-04-04","11:00","di","2023-04-04","12:45","1:45","Hoorcollege","Hulshof, J.","WN-KC137(304/76T)","Faculteit der Betawetenschappen","420","","","Nee","Ja","Nee"
"History of Science for CS (DHT)","XB_0076","14","di","2023-04-04","18:45","di","2023-04-04","21:00","2:15","Hertentamen digitaal","Beckers, D.J.","(T) TenT blok 1 Blauw (102), (T) TenT blok 4 Lime (54)","Faculteit der Betawetenschappen","128","","","Nee","Ja","Nee"
"Linear Algebra (WC)","X_400649","14","wo","2023-04-05","13:30","wo","2023-04-05","15:15","1:45","Werkcollege","","WN-C629(40/20T), WN-C659(40/20T), WN-F607(40/20T), WN-M623(50/25T), WN-M639(50/25T)","Faculteit der Betawetenschappen","420","","","Nee","Ja","Nee"
"Linear Algebra (HC)","X_400649","14","do","2023-04-06","11:00","do","2023-04-06","12:45","1:45","Hoorcollege","Hulshof, J.","MF-FG1(343/85T)","Faculteit der Betawetenschappen","420","","","Nee","Ja","Nee"
"Databases (HC)","X_401008","14","do","2023-04-06","17:30","do","2023-04-06","19:15","1:45","Hoorcollege","Endrullis, J.","IN-0B60(550/137T)","Faculteit der Betawetenschappen","735","","","Nee","Ja","Nee"
"Databases (WC)","X_401008","15","di","2023-04-11","09:00","di","2023-04-11","10:45","1:45","Werkcollege","Endrullis, J.","NU-3A06 (76/26T)","Faculteit der Betawetenschappen","95","AI & BA","group 1","Nee","Ja","Nee"
"Linear Algebra (HC)","X_400649","15","di","2023-04-11","11:00","di","2023-04-11","12:45","1:45","Hoorcollege","Hulshof, J.","WN-KC137(304/76T)","Faculteit der Betawetenschappen","420","","","Nee","Ja","Nee"
"Linear Algebra (WC)","X_400649","15","wo","2023-04-12","13:30","wo","2023-04-12","15:15","1:45","Werkcollege","","WN-C629(40/20T), WN-C659(40/20T), WN-F607(40/20T), WN-M623(50/25T), WN-M639(50/25T)","Faculteit der Betawetenschappen","420","","","Nee","Ja","Nee"
"Linear Algebra (HC)","X_400649","15","do","2023-04-13","11:00","do","2023-04-13","12:45","1:45","Hoorcollege","Hulshof, J.","Theater1 NU-00C07(314/83T)","Faculteit der Betawetenschappen","420","","","Nee","Ja","Nee"
"Linear Algebra (WC)","X_400649","15","vr","2023-04-14","09:00","vr","2023-04-14","10:45","1:45","Werkcollege","","HG-KC07(330/82T)","Faculteit der Betawetenschappen","420","","","Nee","Ja","Nee"
"Databases (WC)","X_401008","15","vr","2023-04-14","11:00","vr","2023-04-14","12:45","1:45","Werkcollege","Endrullis, J.","WN-C121(86/28T)","Faculteit der Betawetenschappen","90","AI & BA","group 1","Nee","Ja","Nee"
"Databases (HC)","X_401008","15","vr","2023-04-14","13:30","vr","2023-04-14","15:15","1:45","Hoorcollege","Endrullis, J.","IN-0B60(550/137T)","Faculteit der Betawetenschappen","735","Question Hour","","Nee","Ja","Nee"
"Databases (WC)","X_401008","16","di","2023-04-18","09:00","di","2023-04-18","10:45","1:45","Werkcollege","Endrullis, J.","NU-3A06 (76/26T)","Faculteit der Betawetenschappen","95","AI & BA","group 1","Nee","Ja","Nee"
"Linear Algebra (HC)","X_400649","16","di","2023-04-18","11:00","di","2023-04-18","12:45","1:45","Hoorcollege","Hulshof, J.","WN-KC137(304/76T)","Faculteit der Betawetenschappen","420","","","Nee","Ja","Nee"
"Linear Algebra (WC)","X_400649","16","wo","2023-04-19","13:30","wo","2023-04-19","15:15","1:45","Werkcollege","","WN-C629(40/20T), WN-C659(40/20T), WN-F607(40/20T), WN-M623(50/25T), WN-M639(50/25T)","Faculteit der Betawetenschappen","420","","","Nee","Ja","Nee"
"Linear Algebra (HC)","X_400649","16","do","2023-04-20","11:00","do","2023-04-20","12:45","1:45","Hoorcollege","Hulshof, J.","Theater1 NU-00C07(314/83T)","Faculteit der Betawetenschappen","420","","","Nee","Ja","Nee"
"Human-Computer Interaction (OV)","X_400432","16","do","2023-04-20","15:30","do","2023-04-20","16:30","1:00","Overig","Beauxis Aussalet, E.M.A.L.","(T) TenT blok 1 Blauw (102), (T) TenT blok 2 Rood (85), (T) TenT blok 3 Groen (96), (T) TenT blok 4 Lime (54), (T) TenT blok 5 Wit (45), (T) TenT blok 6 Oranje (48), (T) TenT blok 7 Geel (44), (T) TenT blok 8 Zwart (107)","Faculteit der Betawetenschappen","300","Inzage tentamen","","Nee","Ja","Nee"
"Linear Algebra (WC)","X_400649","16","vr","2023-04-21","09:00","vr","2023-04-21","10:45","1:45","Werkcollege","","HG-KC07(330/82T)","Faculteit der Betawetenschappen","420","","","Nee","Ja","Nee"
"Databases (WC)","X_401008","16","vr","2023-04-21","11:00","vr","2023-04-21","12:45","1:45","Werkcollege","Endrullis, J.","WN-C121(86/28T)","Faculteit der Betawetenschappen","90","AI & BA","group 1","Nee","Ja","Nee"
"Databases (HC)","X_401008","16","vr","2023-04-21","13:30","vr","2023-04-21","15:15","1:45","Hoorcollege","Endrullis, J.","IN-0B60(550/137T)","Faculteit der Betawetenschappen","735","Question Hour","","Nee","Ja","Nee"
"Linear Algebra (WC)","X_400649","17","ma","2023-04-24","13:30","ma","2023-04-24","15:15","1:45","Werkcollege","","NU-3A47 (48/23T), NU-3B07 (42/23T), NU-4A67 (34/17T), NU-5A47 (48/24T), WN-S631(40/20T), WN-S655 (40/20)","Faculteit der Betawetenschappen","420","","","Nee","Ja","Nee"
"Databases (WC)","X_401008","17","di","2023-04-25","09:00","di","2023-04-25","10:45","1:45","Werkcollege","Endrullis, J.","NU-3A06 (76/26T)","Faculteit der Betawetenschappen","95","AI & BA","group 1","Nee","Ja","Nee"
"Linear Algebra (HC)","X_400649","17","di","2023-04-25","11:00","di","2023-04-25","12:45","1:45","Hoorcollege","Hulshof, J.","WN-KC137(304/76T)","Faculteit der Betawetenschappen","420","","","Nee","Ja","Nee"
"Linear Algebra (HC)","X_400649","17","wo","2023-04-26","13:30","wo","2023-04-26","15:15","1:45","Hoorcollege","Hulshof, J.","IN-0B60(550/137T)","Faculteit der Betawetenschappen","420","","","Nee","Ja","Nee"
"Databases (WC)","X_401008","19","di","2023-05-09","09:00","di","2023-05-09","10:45","1:45","Werkcollege","Endrullis, J.","NU-3A06 (76/26T)","Faculteit der Betawetenschappen","95","AI & BA","group 1","Nee","Ja","Nee"
"Linear Algebra (HC)","X_400649","19","di","2023-05-09","11:00","di","2023-05-09","12:45","1:45","Hoorcollege","Hulshof, J.","WN-KC137(304/76T)","Faculteit der Betawetenschappen","420","","","Nee","Ja","Nee"
"Linear Algebra (WC)","X_400649","19","wo","2023-05-10","13:30","wo","2023-05-10","15:15","1:45","Werkcollege","","WN-C629(40/20T), WN-C659(40/20T), WN-F607(40/20T), WN-M623(50/25T), WN-M639(50/25T)","Faculteit der Betawetenschappen","420","","","Nee","Ja","Nee"
"Linear Algebra (HC)","X_400649","19","do","2023-05-11","11:00","do","2023-05-11","12:45","1:45","Hoorcollege","Hulshof, J.","MF-FG1(343/85T)","Faculteit der Betawetenschappen","420","","","Nee","Ja","Nee"
"Linear Algebra (WC)","X_400649","19","vr","2023-05-12","09:00","vr","2023-05-12","10:45","1:45","Werkcollege","","HG-KC07(330/82T)","Faculteit der Betawetenschappen","420","","","Nee","Ja","Nee"
"Databases (WC)","X_401008","19","vr","2023-05-12","11:00","vr","2023-05-12","12:45","1:45","Werkcollege","Endrullis, J.","WN-C121(86/28T)","Faculteit der Betawetenschappen","90","AI & BA","group 1","Nee","Ja","Nee"
"Databases (HC)","X_401008","19","vr","2023-05-12","13:30","vr","2023-05-12","15:15","1:45","Hoorcollege","Endrullis, J.","IN-0B60(550/137T)","Faculteit der Betawetenschappen","735","Question Hour","","Nee","Ja","Nee"
"Linear Algebra (WC)","X_400649","20","ma","2023-05-15","13:30","ma","2023-05-15","15:15","1:45","Werkcollege","","NU-3A47 (48/23T), NU-3B07 (42/23T), NU-4A67 (34/17T), NU-5A47 (48/24T), WN-S631(40/20T), WN-S655 (40/20)","Faculteit der Betawetenschappen","420","","","Nee","Ja","Nee"
"Databases (WC)","X_401008","20","di","2023-05-16","09:00","di","2023-05-16","10:45","1:45","Werkcollege","Endrullis, J.","NU-3A06 (76/26T)","Faculteit der Betawetenschappen","95","AI & BA","group 1","Nee","Ja","Nee"
"Linear Algebra (HC)","X_400649","20","di","2023-05-16","11:00","di","2023-05-16","12:45","1:45","Hoorcollege","Hulshof, J.","WN-KC137(304/76T)","Faculteit der Betawetenschappen","420","","","Nee","Ja","Nee"
"Linear Algebra (HC)","X_400649","20","wo","2023-05-17","13:30","wo","2023-05-17","15:15","1:45","Hoorcollege","Hulshof, J.","IN-0B60(550/137T)","Faculteit der Betawetenschappen","420","","","Nee","Ja","Nee"
"Databases (WC)","X_401008","21","di","2023-05-23","09:00","di","2023-05-23","10:45","1:45","Werkcollege","Endrullis, J.","NU-3A06 (76/26T)","Faculteit der Betawetenschappen","95","AI & BA","group 1","Nee","Ja","Nee"
"Linear Algebra (HC)","X_400649","21","di","2023-05-23","11:00","di","2023-05-23","12:45","1:45","Hoorcollege","Hulshof, J.","WN-KC137(304/76T)","Faculteit der Betawetenschappen","420","","","Nee","Ja","Nee"
"Linear Algebra (WC)","X_400649","21","wo","2023-05-24","13:30","wo","2023-05-24","15:15","1:45","Werkcollege","","WN-C629(40/20T), WN-C659(40/20T), WN-F607(40/20T), WN-M623(50/25T), WN-M639(50/25T)","Faculteit der Betawetenschappen","420","","","Nee","Ja","Nee"
"Linear Algebra (HC)","X_400649","21","do","2023-05-25","11:00","do","2023-05-25","12:45","1:45","Hoorcollege","Hulshof, J.","MF-FG1(343/85T)","Faculteit der Betawetenschappen","420","","","Nee","Ja","Nee"
"Databases (DT)","X_401008","21","vr","2023-05-26","18:45","vr","2023-05-26","21:30","2:45","Tentamen digitaal","Endrullis, J.","(T) IN-2B42 2B56 (84Comp/84DT), (T) IN-2B43 2B55 (93Comp/93DT), (T) TenT blok 1 Blauw (102), (T) TenT blok 2 Rood (85), (T) TenT blok 3 Groen (96), (T) TenT blok 4 Lime (54), (T) TenT blok 5 Wit (45), (T) TenT blok 6 Oranje (48), (T) TenT blok 7 Geel (44), (T) TenT blok 8 Zwart (107)","Faculteit der Betawetenschappen","735","","","Nee","Ja","Nee"
"Linear Algebra (TE)","X_400649","22","di","2023-05-30","08:30","di","2023-05-30","11:15","2:45","Tentamen schriftelijk","Hulshof, J.","(T) Emergo blok 01 (102), (T) Emergo blok 02 (85), (T) Emergo blok 03 (85), (T) Emergo blok 04 (102)","Faculteit der Betawetenschappen","420","","","Nee","Ja","Nee"
"Software Engineering Processes (HC)","XB_0089","23","di","2023-06-06","11:00","di","2023-06-06","12:45","1:45","Hoorcollege","Raibulet, C.","WN-KC137(304/76T)","Faculteit der Betawetenschappen","350","","","Nee","Ja","Nee"
"Software Engineering Processes (HC)","XB_0089","24","di","2023-06-13","11:00","di","2023-06-13","12:45","1:45","Hoorcollege","Raibulet, C.","WN-KC137(304/76T)","Faculteit der Betawetenschappen","350","","","Nee","Ja","Nee"
"Software Engineering Processes (HC)","XB_0089","25","di","2023-06-20","11:00","di","2023-06-20","12:45","1:45","Hoorcollege","Raibulet, C.","WN-KC137(304/76T)","Faculteit der Betawetenschappen","350","","","Nee","Ja","Nee"
"Software Engineering Processes (DT)","XB_0089","26","di","2023-06-27","15:30","di","2023-06-27","17:45","2:15","Tentamen digitaal","Raibulet, C.","(T) NU-1B05 (DT124), (T) NU-3B05 3B07 3B19 (DT86), (T) NU-6B37 6B57 6C13 (124Comp/124DT)","Faculteit der Betawetenschappen","350","","","Nee","Ja","Nee"
